,FIPS,Date,Home Value
397761,06037,2011-10-31,370099.0
397762,17031,2011-10-31,195643.0
397763,48201,2011-10-31,129773.0
397764,04013,2011-10-31,137653.0
397765,06073,2011-10-31,353698.0
397766,06059,2011-10-31,473847.0
397767,36047,2011-10-31,489808.0
397768,12086,2011-10-31,169756.0
397769,48113,2011-10-31,123518.0
397770,36081,2011-10-31,417302.0
397771,06065,2011-10-31,215559.0
397772,06071,2011-10-31,181065.0
397773,32003,2011-10-31,131582.0
397774,53033,2011-10-31,320273.0
397775,26163,2011-10-31,48480.0
397776,48439,2011-10-31,128966.0
397777,06085,2011-10-31,580466.0
397778,12011,2011-10-31,149117.0
397779,48029,2011-10-31,130148.0
397780,36061,2011-10-31,949802.0
397781,42101,2011-10-31,137913.0
397782,06001,2011-10-31,415631.0
397783,25017,2011-10-31,389459.0
397784,36103,2011-10-31,456247.0
397785,06067,2011-10-31,185330.0
397786,36005,2011-10-31,314024.0
397787,36059,2011-10-31,439790.0
397788,12099,2011-10-31,166755.0
397789,39035,2011-10-31,106380.0
397790,12057,2011-10-31,133461.0
397791,42003,2011-10-31,124518.0
397792,26125,2011-10-31,144017.0
397793,39049,2011-10-31,128941.0
397794,27053,2011-10-31,193939.0
397795,12095,2011-10-31,135858.0
397796,51059,2011-10-31,456179.0
397797,06013,2011-10-31,330067.0
397798,49035,2011-10-31,212848.0
397799,48453,2011-10-31,221556.0
397800,29189,2011-10-31,149818.0
397801,04019,2011-10-31,143547.0
397802,24031,2011-10-31,406768.0
397803,15003,2011-10-31,525061.0
397804,36119,2011-10-31,555129.0
397805,55079,2011-10-31,112728.0
397806,06019,2011-10-31,150602.0
397807,47157,2011-10-31,104493.0
397808,13121,2011-10-31,176539.0
397809,37119,2011-10-31,162361.0
397810,36029,2011-10-31,130171.0
397811,17043,2011-10-31,228264.0
397812,09001,2011-10-31,391294.0
397813,12103,2011-10-31,121614.0
397814,34003,2011-10-31,425519.0
397815,18097,2011-10-31,97832.0
397816,37183,2011-10-31,220947.0
397817,09003,2011-10-31,216379.0
397818,12031,2011-10-31,118962.0
397819,24033,2011-10-31,205101.0
397820,09009,2011-10-31,221101.0
397821,26099,2011-10-31,96983.0
397822,06029,2011-10-31,129260.0
397823,06111,2011-10-31,402670.0
397824,34023,2011-10-31,292099.0
397825,13135,2011-10-31,134140.0
397826,06075,2011-10-31,707667.0
397827,24005,2011-10-31,226204.0
397828,39061,2011-10-31,125748.0
397829,48141,2011-10-31,122991.0
397830,42091,2011-10-31,276995.0
397831,25027,2011-10-31,231607.0
397832,53053,2011-10-31,203910.0
397833,34013,2011-10-31,329990.0
397834,48085,2011-10-31,211701.0
397835,48215,2011-10-31,82262.0
397836,36055,2011-10-31,126974.0
397837,25009,2011-10-31,329384.0
397838,21111,2011-10-31,133174.0
397839,41051,2011-10-31,240358.0
397840,25025,2011-10-31,346627.0
397841,40109,2011-10-31,119669.0
397842,06081,2011-10-31,659509.0
397843,53061,2011-10-31,244216.0
397844,17097,2011-10-31,195895.0
397845,13089,2011-10-31,122809.0
397846,13067,2011-10-31,165457.0
397847,06077,2011-10-31,164148.0
397848,17197,2011-10-31,178614.0
397849,29095,2011-10-31,101458.0
397850,25021,2011-10-31,375060.0
397851,48121,2011-10-31,191970.0
397852,35001,2011-10-31,173688.0
397853,01073,2011-10-31,116049.0
397854,34017,2011-10-31,321391.0
397855,34025,2011-10-31,370774.0
397856,47037,2011-10-31,164260.0
397857,44007,2011-10-31,194969.0
397858,42017,2011-10-31,292464.0
397859,08041,2011-10-31,200913.0
397860,24510,2011-10-31,125281.0
397861,12071,2011-10-31,142546.0
397862,40143,2011-10-31,126833.0
397863,26081,2011-10-31,115420.0
397864,12105,2011-10-31,103862.0
397865,11001,2011-10-31,420735.0
397866,08031,2011-10-31,235743.0
397867,48157,2011-10-31,195548.0
397868,34029,2011-10-31,263421.0
397869,08005,2011-10-31,208493.0
397870,42045,2011-10-31,205780.0
397871,25005,2011-10-31,258649.0
397872,20091,2011-10-31,213059.0
397873,12009,2011-10-31,117739.0
397874,39153,2011-10-31,113755.0
397875,10003,2011-10-31,214980.0
397876,24003,2011-10-31,316252.0
397877,34039,2011-10-31,317629.0
397878,39113,2011-10-31,95868.0
397879,08059,2011-10-31,246101.0
397880,41067,2011-10-31,245742.0
397881,42071,2011-10-31,189064.0
397882,31055,2011-10-31,136856.0
397883,49049,2011-10-31,204756.0
397884,17089,2011-10-31,180714.0
397885,06099,2011-10-31,140823.0
397886,34007,2011-10-31,176991.0
397887,27123,2011-10-31,164875.0
397888,34031,2011-10-31,302392.0
397889,42029,2011-10-31,308424.0
397890,20173,2011-10-31,120523.0
397891,18089,2011-10-31,128506.0
397892,25023,2011-10-31,306327.0
397893,12127,2011-10-31,117518.0
397894,34027,2011-10-31,408352.0
397895,37081,2011-10-31,133055.0
397896,55025,2011-10-31,212963.0
397897,06097,2011-10-31,347866.0
397898,53063,2011-10-31,169186.0
397899,36085,2011-10-31,392624.0
397900,36067,2011-10-31,127896.0
397901,12101,2011-10-31,111152.0
397902,25013,2011-10-31,181715.0
397903,48339,2011-10-31,184710.0
397904,45045,2011-10-31,154077.0
397905,34005,2011-10-31,224351.0
397906,06107,2011-10-31,127907.0
397907,39095,2011-10-31,77085.0
397908,08001,2011-10-31,181030.0
397909,22033,2011-10-31,169252.0
397910,51810,2011-10-31,247248.0
397911,42133,2011-10-31,165350.0
397912,22051,2011-10-31,174647.0
397913,47093,2011-10-31,158272.0
397914,19153,2011-10-31,144687.0
397915,26049,2011-10-31,72782.0
397916,53011,2011-10-31,197094.0
397917,06083,2011-10-31,402716.0
397918,12117,2011-10-31,144450.0
397919,48491,2011-10-31,187800.0
397920,32031,2011-10-31,166825.0
397921,06053,2011-10-31,319454.0
397922,06095,2011-10-31,210966.0
397923,01097,2011-10-31,108844.0
397924,42011,2011-10-31,157951.0
397925,48061,2011-10-31,91901.0
397926,51153,2011-10-31,292411.0
397927,33011,2011-10-31,221778.0
397928,27037,2011-10-31,184574.0
397929,16001,2011-10-31,157314.0
397930,55133,2011-10-31,226729.0
397931,45079,2011-10-31,140564.0
397932,05119,2011-10-31,129779.0
397933,12115,2011-10-31,172919.0
397934,41005,2011-10-31,265064.0
397935,04021,2011-10-31,104858.0
397936,39151,2011-10-31,104421.0
397937,36071,2011-10-31,253265.0
397938,39017,2011-10-31,136050.0
397939,34021,2011-10-31,235080.0
397940,42129,2011-10-31,143499.0
397941,29183,2011-10-31,177504.0
397942,18003,2011-10-31,105093.0
397943,41039,2011-10-31,194246.0
397944,37067,2011-10-31,134964.0
397945,45019,2011-10-31,232034.0
397946,42077,2011-10-31,177838.0
397947,06061,2011-10-31,291910.0
397948,26161,2011-10-31,180383.0
397949,22071,2011-10-31,154350.0
397950,48355,2011-10-31,125012.0
397951,47065,2011-10-31,143982.0
397952,01089,2011-10-31,166943.0
397953,12083,2011-10-31,99660.0
397954,27003,2011-10-31,165237.0
397955,34035,2011-10-31,377576.0
397956,12081,2011-10-31,167347.0
397957,12021,2011-10-31,231741.0
397958,42079,2011-10-31,104412.0
397959,37051,2011-10-31,129898.0
397960,29510,2011-10-31,106769.0
397961,51041,2011-10-31,197780.0
397962,41047,2011-10-31,170502.0
397963,48039,2011-10-31,158523.0
397964,51107,2011-10-31,427968.0
397965,36087,2011-10-31,425078.0
397966,48027,2011-10-31,133427.0
397967,17111,2011-10-31,174367.0
397968,51087,2011-10-31,191263.0
397969,49011,2011-10-31,210039.0
397970,36001,2011-10-31,205485.0
397971,39093,2011-10-31,124481.0
397972,08069,2011-10-31,240101.0
397973,42095,2011-10-31,189049.0
397974,12033,2011-10-31,115283.0
397975,36027,2011-10-31,278830.0
397976,12069,2011-10-31,134118.0
397977,21067,2011-10-31,157869.0
397978,17201,2011-10-31,101994.0
397979,33015,2011-10-31,262645.0
397980,08013,2011-10-31,325022.0
397981,02020,2011-10-31,281821.0
397982,48167,2011-10-31,154704.0
397983,34015,2011-10-31,196404.0
397984,24027,2011-10-31,406257.0
397985,08035,2011-10-31,349678.0
397986,31109,2011-10-31,144858.0
397987,45083,2011-10-31,115771.0
397988,23005,2011-10-31,239502.0
397989,26065,2011-10-31,100286.0
397990,42049,2011-10-31,120837.0
397991,48303,2011-10-31,129798.0
397992,12111,2011-10-31,108487.0
397993,12073,2011-10-31,146998.0
397994,29077,2011-10-31,112402.0
397995,18057,2011-10-31,220826.0
397996,34001,2011-10-31,208420.0
397997,09011,2011-10-31,232782.0
397998,17163,2011-10-31,105024.0
397999,06079,2011-10-31,395558.0
398000,45051,2011-10-31,152437.0
398001,17119,2011-10-31,119261.0
398002,12097,2011-10-31,118007.0
398003,42043,2011-10-31,148620.0
398004,37063,2011-10-31,171237.0
398005,18141,2011-10-31,101181.0
398006,13051,2011-10-31,153018.0
398007,26139,2011-10-31,151885.0
398008,47149,2011-10-31,149715.0
398009,45063,2011-10-31,148558.0
398010,06087,2011-10-31,503427.0
398011,13063,2011-10-31,47317.0
398012,06047,2011-10-31,117366.0
398013,40027,2011-10-31,144463.0
398014,22017,2011-10-31,119831.0
398015,08123,2011-10-31,196487.0
398016,06041,2011-10-31,705115.0
398017,48245,2011-10-31,93896.0
398018,53067,2011-10-31,219113.0
398019,53035,2011-10-31,245776.0
398020,26077,2011-10-31,119670.0
398021,48479,2011-10-31,128531.0
398022,55009,2011-10-31,138699.0
398023,12001,2011-10-31,143201.0
398024,28049,2011-10-31,82640.0
398025,24025,2011-10-31,264473.0
398026,53077,2011-10-31,147322.0
398027,51710,2011-10-31,188780.0
398028,39099,2011-10-31,82700.0
398029,37021,2011-10-31,208768.0
398030,27163,2011-10-31,220133.0
398031,42041,2011-10-31,192147.0
398032,48309,2011-10-31,115389.0
398033,36065,2011-10-31,112395.0
398034,22103,2011-10-31,180250.0
398035,24021,2011-10-31,273465.0
398036,49057,2011-10-31,165238.0
398037,39085,2011-10-31,123931.0
398038,01101,2011-10-31,105162.0
398039,45091,2011-10-31,150283.0
398040,51550,2011-10-31,246725.0
398041,29047,2011-10-31,143609.0
398042,22055,2011-10-31,167083.0
398043,05007,2011-10-31,138065.0
398044,06007,2011-10-31,191466.0
398045,36091,2011-10-31,237364.0
398046,29099,2011-10-31,150008.0
398047,36063,2011-10-31,110421.0
398048,25001,2011-10-31,360104.0
398049,42069,2011-10-31,131423.0
398050,13057,2011-10-31,171907.0
398051,39165,2011-10-31,181345.0
398052,19113,2011-10-31,132997.0
398053,04025,2011-10-31,177791.0
398054,39155,2011-10-31,81229.0
398055,48423,2011-10-31,132623.0
398056,35013,2011-10-31,168368.0
398057,42125,2011-10-31,141053.0
398058,51013,2011-10-31,566069.0
398059,37071,2011-10-31,109870.0
398060,51760,2011-10-31,160878.0
398061,13151,2011-10-31,111942.0
398062,41029,2011-10-31,200861.0
398063,05143,2011-10-31,130355.0
398064,37129,2011-10-31,191058.0
398065,37179,2011-10-31,187086.0
398066,53073,2011-10-31,254860.0
398067,17019,2011-10-31,137448.0
398068,06113,2011-10-31,262534.0
398069,36007,2011-10-31,110923.0
398070,13245,2011-10-31,
398071,27137,2011-10-31,132870.0
398072,04015,2011-10-31,137379.0
398073,26145,2011-10-31,76134.0
398074,18039,2011-10-31,113758.0
398075,17167,2011-10-31,123676.0
398076,39025,2011-10-31,165165.0
398077,10005,2011-10-31,256604.0
398078,23031,2011-10-31,234137.0
398079,04027,2011-10-31,116713.0
398080,55101,2011-10-31,109143.0
398081,01117,2011-10-31,184872.0
398082,48041,2011-10-31,157288.0
398083,01125,2011-10-31,145602.0
398084,54039,2011-10-31,104735.0
398085,22019,2011-10-31,
398086,12019,2011-10-31,146866.0
398087,12109,2011-10-31,224851.0
398088,09005,2011-10-31,238316.0
398089,13215,2011-10-31,117257.0
398090,16027,2011-10-31,92102.0
398091,45007,2011-10-31,135413.0
398092,28047,2011-10-31,120010.0
398093,17143,2011-10-31,107376.0
398094,15001,2011-10-31,
398095,42019,2011-10-31,206555.0
398096,47187,2011-10-31,323013.0
398097,36111,2011-10-31,202622.0
398098,01003,2011-10-31,155739.0
398099,06017,2011-10-31,288085.0
398100,26093,2011-10-31,171342.0
398101,12091,2011-10-31,170274.0
398102,51700,2011-10-31,171465.0
398103,18163,2011-10-31,103806.0
398104,13139,2011-10-31,135615.0
398105,37025,2011-10-31,157576.0
398106,20177,2011-10-31,109970.0
398107,45015,2011-10-31,146174.0
398108,37133,2011-10-31,171182.0
398109,06089,2011-10-31,121026.0
398110,55087,2011-10-31,142567.0
398111,13117,2011-10-31,238720.0
398112,53005,2011-10-31,198006.0
398113,06025,2011-10-31,116254.0
398114,39041,2011-10-31,254278.0
398115,18157,2011-10-31,129019.0
398116,12053,2011-10-31,94448.0
398117,39103,2011-10-31,173932.0
398118,47125,2011-10-31,157654.0
398119,26121,2011-10-31,81551.0
398120,42007,2011-10-31,112398.0
398121,42089,2011-10-31,157726.0
398122,17113,2011-10-31,153275.0
398123,46099,2011-10-31,156161.0
398124,37101,2011-10-31,149525.0
398125,12005,2011-10-31,160042.0
398126,37147,2011-10-31,128062.0
398127,24013,2011-10-31,295890.0
398128,55139,2011-10-31,104505.0
398129,39089,2011-10-31,135216.0
398130,55059,2011-10-31,139766.0
398131,44003,2011-10-31,195674.0
398132,09007,2011-10-31,277204.0
398133,19163,2011-10-31,132356.0
398134,18127,2011-10-31,170363.0
398135,26147,2011-10-31,101375.0
398136,37057,2011-10-31,120035.0
398137,29019,2011-10-31,164158.0
398138,10001,2011-10-31,193539.0
398139,45013,2011-10-31,263336.0
398140,39057,2011-10-31,151608.0
398141,39133,2011-10-31,144799.0
398142,28033,2011-10-31,161527.0
398143,47165,2011-10-31,182249.0
398144,55105,2011-10-31,
398145,26075,2011-10-31,88898.0
398146,45003,2011-10-31,135312.0
398147,12015,2011-10-31,124383.0
398148,21117,2011-10-31,130711.0
398149,37097,2011-10-31,170089.0
398150,36083,2011-10-31,168994.0
398151,08101,2011-10-31,122620.0
398152,31153,2011-10-31,169159.0
398153,25015,2011-10-31,248638.0
398154,41017,2011-10-31,211938.0
398155,20209,2011-10-31,68400.0
398156,48209,2011-10-31,185279.0
398157,34011,2011-10-31,142022.0
398158,47163,2011-10-31,110124.0
398159,26021,2011-10-31,144499.0
398160,50007,2011-10-31,271313.0
398161,13021,2011-10-31,65819.0
398162,15009,2011-10-31,562887.0
398163,36093,2011-10-31,160329.0
398164,37035,2011-10-31,128237.0
398165,42027,2011-10-31,242240.0
398166,23019,2011-10-31,138062.0
398167,22073,2011-10-31,123126.0
398168,06031,2011-10-31,139464.0
398169,09013,2011-10-31,227072.0
398170,26115,2011-10-31,122031.0
398171,12113,2011-10-31,156588.0
398172,37001,2011-10-31,
398173,48251,2011-10-31,129013.0
398174,06039,2011-10-31,149215.0
398175,27145,2011-10-31,148498.0
398176,38017,2011-10-31,178411.0
398177,42055,2011-10-31,155158.0
398178,48139,2011-10-31,143573.0
398179,34037,2011-10-31,239602.0
398180,42107,2011-10-31,72462.0
398181,30111,2011-10-31,201921.0
398182,17161,2011-10-31,100992.0
398183,24043,2011-10-31,164976.0
398184,08077,2011-10-31,181655.0
398185,24017,2011-10-31,253936.0
398186,33013,2011-10-31,211948.0
398187,12085,2011-10-31,177255.0
398188,39045,2011-10-31,151772.0
398189,18063,2011-10-31,157746.0
398190,27109,2011-10-31,169000.0
398191,35049,2011-10-31,288945.0
398192,42021,2011-10-31,74894.0
398193,13223,2011-10-31,
398194,37151,2011-10-31,117142.0
398195,28121,2011-10-31,
398196,12017,2011-10-31,108032.0
398197,01081,2011-10-31,160706.0
398198,51510,2011-10-31,442487.0
398199,13153,2011-10-31,126696.0
398200,28059,2011-10-31,
398201,18081,2011-10-31,139002.0
398202,16055,2011-10-31,181105.0
398203,37159,2011-10-31,118349.0
398204,39023,2011-10-31,91920.0
398205,49053,2011-10-31,205432.0
398206,12061,2011-10-31,134662.0
398207,18105,2011-10-31,158049.0
398208,51650,2011-10-31,161139.0
398209,48135,2011-10-31,111522.0
398210,45041,2011-10-31,115136.0
398211,48329,2011-10-31,169086.0
398212,42051,2011-10-31,89780.0
398213,45035,2011-10-31,158952.0
398214,06055,2011-10-31,355802.0
398215,26025,2011-10-31,88158.0
398216,17179,2011-10-31,120957.0
398217,36013,2011-10-31,86585.0
398218,06023,2011-10-31,239280.0
398219,04005,2011-10-31,248609.0
398220,37155,2011-10-31,
398221,55073,2011-10-31,130823.0
398222,37135,2011-10-31,254872.0
398223,42075,2011-10-31,162715.0
398224,13097,2011-10-31,101460.0
398225,55131,2011-10-31,174127.0
398226,18095,2011-10-31,77485.0
398227,22079,2011-10-31,140964.0
398228,35043,2011-10-31,
398229,48187,2011-10-31,184599.0
398230,48441,2011-10-31,102511.0
398231,48485,2011-10-31,92668.0
398232,04003,2011-10-31,91396.0
398233,25003,2011-10-31,219639.0
398234,19013,2011-10-31,118863.0
398235,19103,2011-10-31,194751.0
398236,35045,2011-10-31,99586.0
398237,27139,2011-10-31,216818.0
398238,51179,2011-10-31,272101.0
398239,34019,2011-10-31,366732.0
398240,22063,2011-10-31,153198.0
398241,13077,2011-10-31,151098.0
398242,42013,2011-10-31,93758.0
398243,44009,2011-10-31,324666.0
398244,05131,2011-10-31,103712.0
398245,39173,2011-10-31,138388.0
398246,27171,2011-10-31,160022.0
398247,39139,2011-10-31,83641.0
398248,40031,2011-10-31,83955.0
398249,13073,2011-10-31,175361.0
398250,33017,2011-10-31,196667.0
398251,47009,2011-10-31,161755.0
398252,47179,2011-10-31,144270.0
398253,37191,2011-10-31,111807.0
398254,51177,2011-10-31,211602.0
398255,23011,2011-10-31,142660.0
398256,36075,2011-10-31,98310.0
398257,48183,2011-10-31,104701.0
398258,22105,2011-10-31,145045.0
398259,48375,2011-10-31,81410.0
398260,48181,2011-10-31,111176.0
398261,48381,2011-10-31,147490.0
398262,01103,2011-10-31,99713.0
398263,45077,2011-10-31,127455.0
398264,21015,2011-10-31,165694.0
398265,01015,2011-10-31,87759.0
398266,09015,2011-10-31,172960.0
398267,18035,2011-10-31,72545.0
398268,29097,2011-10-31,73121.0
398269,22015,2011-10-31,171493.0
398270,48367,2011-10-31,175614.0
398271,53057,2011-10-31,234228.0
398272,13059,2011-10-31,123974.0
398273,41043,2011-10-31,150355.0
398274,42085,2011-10-31,100234.0
398275,36045,2011-10-31,129260.0
398276,42081,2011-10-31,135647.0
398277,40017,2011-10-31,145971.0
398278,55117,2011-10-31,100031.0
398279,17093,2011-10-31,171202.0
398280,37085,2011-10-31,140948.0
398281,55063,2011-10-31,145908.0
398282,39169,2011-10-31,132351.0
398283,47189,2011-10-31,201818.0
398284,17099,2011-10-31,104596.0
398285,21227,2011-10-31,141358.0
398286,17091,2011-10-31,125573.0
398287,05045,2011-10-31,141178.0
398288,49005,2011-10-31,175007.0
398289,36089,2011-10-31,73747.0
398290,22109,2011-10-31,144387.0
398291,18091,2011-10-31,119855.0
398292,26005,2011-10-31,128278.0
398293,20045,2011-10-31,169975.0
398294,17115,2011-10-31,84392.0
398295,13045,2011-10-31,100188.0
398296,18019,2011-10-31,108254.0
398297,48451,2011-10-31,
398298,30063,2011-10-31,242494.0
398299,13185,2011-10-31,109538.0
398300,34041,2011-10-31,213530.0
398301,48091,2011-10-31,230696.0
398302,36069,2011-10-31,155523.0
398303,18167,2011-10-31,80686.0
398304,39029,2011-10-31,80098.0
398305,26017,2011-10-31,84007.0
398306,26045,2011-10-31,121579.0
398307,23001,2011-10-31,151495.0
398308,41019,2011-10-31,175355.0
398309,45085,2011-10-31,102371.0
398310,04017,2011-10-31,133280.0
398311,37019,2011-10-31,222545.0
398312,22005,2011-10-31,188732.0
398313,05125,2011-10-31,166830.0
398314,37089,2011-10-31,189682.0
398315,13113,2011-10-31,199880.0
398316,39003,2011-10-31,88988.0
398317,21093,2011-10-31,126175.0
398318,17037,2011-10-31,151406.0
398319,24037,2011-10-31,270855.0
398320,01055,2011-10-31,80638.0
398321,16019,2011-10-31,137505.0
398322,54003,2011-10-31,
398323,37049,2011-10-31,148544.0
398324,48257,2011-10-31,151202.0
398325,13313,2011-10-31,100802.0
398326,39109,2011-10-31,125470.0
398327,53015,2011-10-31,158070.0
398328,55127,2011-10-31,158319.0
398329,19193,2011-10-31,93512.0
398330,55039,2011-10-31,108769.0
398331,36109,2011-10-31,182869.0
398332,01069,2011-10-31,122299.0
398333,39007,2011-10-31,95174.0
398334,29071,2011-10-31,136804.0
398335,42001,2011-10-31,204675.0
398336,24015,2011-10-31,215885.0
398337,46103,2011-10-31,176203.0
398338,13015,2011-10-31,112551.0
398339,13217,2011-10-31,77466.0
398340,26091,2011-10-31,107165.0
398341,51085,2011-10-31,238290.0
398342,36079,2011-10-31,321083.0
398343,29037,2011-10-31,141238.0
398344,41071,2011-10-31,198747.0
398345,36101,2011-10-31,92114.0
398346,51003,2011-10-31,310375.0
398347,47011,2011-10-31,126616.0
398348,12055,2011-10-31,95629.0
398349,06057,2011-10-31,298291.0
398350,55035,2011-10-31,127242.0
398351,24045,2011-10-31,133149.0
398352,47113,2011-10-31,101089.0
398353,37045,2011-10-31,121745.0
398354,02090,2011-10-31,211159.0
398355,34009,2011-10-31,352290.0
398356,51770,2011-10-31,109806.0
398357,21059,2011-10-31,101025.0
398358,05031,2011-10-31,116780.0
398359,54011,2011-10-31,90875.0
398360,22057,2011-10-31,
398361,13115,2011-10-31,86618.0
398362,54061,2011-10-31,138369.0
398363,05051,2011-10-31,124528.0
398364,37127,2011-10-31,114524.0
398365,12035,2011-10-31,151013.0
398366,51740,2011-10-31,145743.0
398367,28089,2011-10-31,202689.0
398368,06101,2011-10-31,178439.0
398369,13095,2011-10-31,65856.0
398370,42097,2011-10-31,83880.0
398371,51121,2011-10-31,181649.0
398372,36117,2011-10-31,110910.0
398373,19061,2011-10-31,146911.0
398374,37157,2011-10-31,91240.0
398375,12119,2011-10-31,193451.0
398376,39055,2011-10-31,193485.0
398377,19155,2011-10-31,124399.0
398378,01095,2011-10-31,92379.0
398379,01077,2011-10-31,107875.0
398380,39157,2011-10-31,110614.0
398381,48037,2011-10-31,73619.0
398382,45075,2011-10-31,78115.0
398383,51161,2011-10-31,166377.0
398384,56021,2011-10-31,207886.0
398385,42073,2011-10-31,91407.0
398386,27019,2011-10-31,234475.0
398387,30029,2011-10-31,214530.0
398388,37023,2011-10-31,
398389,21037,2011-10-31,123593.0
398390,47155,2011-10-31,170511.0
398391,19169,2011-10-31,161862.0
398392,30031,2011-10-31,296587.0
398393,29165,2011-10-31,170600.0
398394,29021,2011-10-31,93243.0
398395,53025,2011-10-31,131699.0
398396,33009,2011-10-31,175968.0
398397,02170,2011-10-31,239518.0
398398,42063,2011-10-31,98584.0
398399,36015,2011-10-31,95492.0
398400,42039,2011-10-31,85207.0
398401,55027,2011-10-31,118755.0
398402,24009,2011-10-31,309600.0
398403,27141,2011-10-31,152443.0
398404,26087,2011-10-31,115266.0
398405,37125,2011-10-31,195722.0
398406,06045,2011-10-31,287623.0
398407,26055,2011-10-31,146253.0
398408,54107,2011-10-31,91484.0
398409,40131,2011-10-31,186778.0
398410,48005,2011-10-31,78550.0
398411,55089,2011-10-31,221593.0
398412,48231,2011-10-31,147503.0
398413,39119,2011-10-31,93969.0
398414,41003,2011-10-31,239531.0
398415,13247,2011-10-31,105851.0
398416,51800,2011-10-31,225124.0
398417,55109,2011-10-31,161662.0
398418,13297,2011-10-31,114029.0
398419,55055,2011-10-31,138445.0
398420,26111,2011-10-31,109474.0
398421,01115,2011-10-31,153953.0
398422,22097,2011-10-31,100197.0
398423,37027,2011-10-31,101006.0
398424,21151,2011-10-31,140603.0
398425,28081,2011-10-31,
398426,44005,2011-10-31,358238.0
398427,16005,2011-10-31,127668.0
398428,01083,2011-10-31,
398429,18067,2011-10-31,82672.0
398430,41033,2011-10-31,207210.0
398431,01121,2011-10-31,91525.0
398432,36019,2011-10-31,113757.0
398433,48361,2011-10-31,99949.0
398434,42033,2011-10-31,81188.0
398435,17183,2011-10-31,57172.0
398436,55071,2011-10-31,108679.0
398437,30013,2011-10-31,150592.0
398438,38015,2011-10-31,197275.0
398439,37195,2011-10-31,99311.0
398440,47119,2011-10-31,137198.0
398441,01043,2011-10-31,108471.0
398442,36009,2011-10-31,94420.0
398443,28075,2011-10-31,
398444,36011,2011-10-31,113950.0
398445,13127,2011-10-31,168139.0
398446,39145,2011-10-31,68928.0
398447,01051,2011-10-31,142827.0
398448,54081,2011-10-31,76464.0
398449,48213,2011-10-31,123179.0
398450,53029,2011-10-31,265831.0
398451,48397,2011-10-31,203369.0
398452,51069,2011-10-31,203339.0
398453,37109,2011-10-31,167402.0
398454,53021,2011-10-31,142244.0
398455,39141,2011-10-31,91523.0
398456,42111,2011-10-31,94038.0
398457,36105,2011-10-31,166554.0
398458,05069,2011-10-31,54180.0
398459,29043,2011-10-31,147705.0
398460,18085,2011-10-31,136832.0
398461,40119,2011-10-31,117544.0
398462,16083,2011-10-31,129657.0
398463,33005,2011-10-31,175237.0
398464,39043,2011-10-31,117484.0
398465,05145,2011-10-31,99156.0
398466,18005,2011-10-31,126462.0
398467,45057,2011-10-31,176278.0
398468,35061,2011-10-31,115782.0
398469,51165,2011-10-31,198936.0
398470,26159,2011-10-31,119215.0
398471,20103,2011-10-31,145987.0
398472,29051,2011-10-31,
398473,41059,2011-10-31,109690.0
398474,29031,2011-10-31,132161.0
398475,48291,2011-10-31,93945.0
398476,51680,2011-10-31,118385.0
398477,53041,2011-10-31,120586.0
398478,56025,2011-10-31,184547.0
398479,41053,2011-10-31,191718.0
398480,48099,2011-10-31,125744.0
398481,26037,2011-10-31,134600.0
398482,47001,2011-10-31,124251.0
398483,24001,2011-10-31,81909.0
398484,28035,2011-10-31,
398485,39063,2011-10-31,108623.0
398486,55141,2011-10-31,100265.0
398487,18043,2011-10-31,129215.0
398488,12107,2011-10-31,71391.0
398489,21029,2011-10-31,147708.0
398490,45073,2011-10-31,135034.0
398491,48021,2011-10-31,193055.0
398492,21047,2011-10-31,90023.0
398493,51015,2011-10-31,191685.0
398494,37171,2011-10-31,101515.0
398495,36053,2011-10-31,143390.0
398496,12089,2011-10-31,179456.0
398497,22045,2011-10-31,106645.0
398498,12087,2011-10-31,
398499,40145,2011-10-31,133976.0
398500,53027,2011-10-31,108069.0
398501,53007,2011-10-31,201460.0
398502,47141,2011-10-31,127664.0
398503,06115,2011-10-31,154608.0
398504,23003,2011-10-31,91847.0
398505,04001,2011-10-31,98114.0
398506,35031,2011-10-31,
398507,53009,2011-10-31,215929.0
398508,25011,2011-10-31,176763.0
398509,20161,2011-10-31,
398510,01049,2011-10-31,83344.0
398511,40101,2011-10-31,75282.0
398512,26155,2011-10-31,86718.0
398513,39013,2011-10-31,67910.0
398514,26073,2011-10-31,
398515,13031,2011-10-31,107321.0
398516,18053,2011-10-31,71642.0
398517,55097,2011-10-31,126928.0
398518,18059,2011-10-31,152296.0
398519,40037,2011-10-31,87441.0
398520,39081,2011-10-31,
398521,45047,2011-10-31,
398522,40125,2011-10-31,83996.0
398523,13013,2011-10-31,84712.0
398524,37193,2011-10-31,97960.0
398525,54033,2011-10-31,78157.0
398526,42005,2011-10-31,85974.0
398527,18177,2011-10-31,86856.0
398528,18109,2011-10-31,134548.0
398529,47059,2011-10-31,85892.0
398530,13295,2011-10-31,92722.0
398531,45031,2011-10-31,72086.0
398532,51019,2011-10-31,187851.0
398533,05085,2011-10-31,125609.0
398534,48471,2011-10-31,124790.0
398535,37161,2011-10-31,107646.0
398536,28067,2011-10-31,
398537,12023,2011-10-31,87370.0
398538,42037,2011-10-31,124810.0
398539,17001,2011-10-31,95353.0
398540,15007,2011-10-31,448396.0
398541,26103,2011-10-31,109994.0
398542,13285,2011-10-31,94220.0
398543,01127,2011-10-31,86373.0
398544,51095,2011-10-31,291436.0
398545,38035,2011-10-31,165124.0
398546,45059,2011-10-31,79470.0
398547,39101,2011-10-31,83710.0
398548,37031,2011-10-31,251924.0
398549,41035,2011-10-31,148271.0
398550,17199,2011-10-31,97469.0
398551,47147,2011-10-31,142050.0
398552,19049,2011-10-31,200517.0
398553,34033,2011-10-31,149109.0
398554,20015,2011-10-31,118416.0
398555,36113,2011-10-31,184467.0
398556,35005,2011-10-31,76775.0
398557,48203,2011-10-31,105565.0
398558,21145,2011-10-31,113782.0
398559,51199,2011-10-31,261181.0
398560,36051,2011-10-31,113871.0
398561,29187,2011-10-31,90413.0
398562,42025,2011-10-31,146533.0
398563,51061,2011-10-31,299909.0
398564,21195,2011-10-31,49143.0
398565,48409,2011-10-31,108690.0
398566,39009,2011-10-31,99578.0
398567,35025,2011-10-31,
398568,06033,2011-10-31,142527.0
398569,48347,2011-10-31,103912.0
398570,36043,2011-10-31,87911.0
398571,20155,2011-10-31,83915.0
398572,27131,2011-10-31,145935.0
398573,13255,2011-10-31,
398574,27013,2011-10-31,141656.0
398575,13047,2011-10-31,110467.0
398576,26067,2011-10-31,101565.0
398577,35035,2011-10-31,
398578,51143,2011-10-31,113022.0
398579,37037,2011-10-31,259462.0
398580,06103,2011-10-31,
398581,13179,2011-10-31,99564.0
398582,37163,2011-10-31,74022.0
398583,30049,2011-10-31,199642.0
398584,26117,2011-10-31,95908.0
398585,36115,2011-10-31,120841.0
398586,36021,2011-10-31,203618.0
398587,21199,2011-10-31,101346.0
398588,41011,2011-10-31,147855.0
398589,42015,2011-10-31,100924.0
398590,47063,2011-10-31,107933.0
398591,27035,2011-10-31,147139.0
398592,39087,2011-10-31,79887.0
398593,55017,2011-10-31,127125.0
398594,54055,2011-10-31,61761.0
398595,36077,2011-10-31,117193.0
398596,55111,2011-10-31,148551.0
398597,05033,2011-10-31,98698.0
398598,39167,2011-10-31,92927.0
398599,22001,2011-10-31,
398600,05115,2011-10-31,98363.0
398601,45055,2011-10-31,98910.0
398602,38101,2011-10-31,175324.0
398603,50021,2011-10-31,181828.0
398604,26149,2011-10-31,81687.0
398605,47167,2011-10-31,112684.0
398606,48427,2011-10-31,57031.0
398607,39143,2011-10-31,90728.0
398608,39083,2011-10-31,93743.0
398609,53045,2011-10-31,182522.0
398610,37069,2011-10-31,152052.0
398611,37167,2011-10-31,135465.0
398612,40047,2011-10-31,68848.0
398613,13157,2011-10-31,144986.0
398614,21185,2011-10-31,237907.0
398615,17077,2011-10-31,128452.0
398616,45043,2011-10-31,
398617,33001,2011-10-31,204553.0
398618,36037,2011-10-31,101607.0
398619,37077,2011-10-31,128546.0
398620,28087,2011-10-31,
398621,18173,2011-10-31,143098.0
398622,39077,2011-10-31,102673.0
398623,50023,2011-10-31,206507.0
398624,37107,2011-10-31,75711.0
398625,26015,2011-10-31,115329.0
398626,48497,2011-10-31,155169.0
398627,37087,2011-10-31,160287.0
398628,27027,2011-10-31,148691.0
398629,21125,2011-10-31,91788.0
398630,53071,2011-10-31,162806.0
398631,31079,2011-10-31,111748.0
398632,37061,2011-10-31,71219.0
398633,17195,2011-10-31,82787.0
398634,48001,2011-10-31,80292.0
398635,49045,2011-10-31,170387.0
398636,29145,2011-10-31,
398637,37047,2011-10-31,77320.0
398638,22113,2011-10-31,
398639,37105,2011-10-31,119080.0
398640,23017,2011-10-31,146333.0
398641,47019,2011-10-31,89251.0
398642,42103,2011-10-31,167777.0
398643,01009,2011-10-31,174428.0
398644,27111,2011-10-31,
398645,55021,2011-10-31,153803.0
398646,47073,2011-10-31,97394.0
398647,39147,2011-10-31,84960.0
398648,50027,2011-10-31,247200.0
398649,18011,2011-10-31,200015.0
398650,37065,2011-10-31,58963.0
398651,54049,2011-10-31,83560.0
398652,08045,2011-10-31,229660.0
398653,51067,2011-10-31,174133.0
398654,47035,2011-10-31,129890.0
398655,08014,2011-10-31,281295.0
398656,28109,2011-10-31,
398657,26157,2011-10-31,74059.0
398658,39129,2011-10-31,132811.0
398659,28073,2011-10-31,
398660,20169,2011-10-31,
398661,36035,2011-10-31,90554.0
398662,54079,2011-10-31,133808.0
398663,02122,2011-10-31,190844.0
398664,06109,2011-10-31,
398665,45021,2011-10-31,60356.0
398666,32510,2011-10-31,146852.0
398667,06069,2011-10-31,378350.0
398668,13129,2011-10-31,98695.0
398669,12131,2011-10-31,269113.0
398670,42121,2011-10-31,64611.0
398671,51191,2011-10-31,128613.0
398672,51031,2011-10-31,136887.0
398673,37083,2011-10-31,65324.0
398674,22101,2011-10-31,
398675,48199,2011-10-31,124329.0
398676,01001,2011-10-31,176948.0
398677,01033,2011-10-31,
398678,23009,2011-10-31,190657.0
398679,48323,2011-10-31,88461.0
398680,47145,2011-10-31,113788.0
398681,17007,2011-10-31,141492.0
398682,51089,2011-10-31,
398683,27025,2011-10-31,147431.0
398684,17029,2011-10-31,69943.0
398685,04007,2011-10-31,127294.0
398686,54037,2011-10-31,217004.0
398687,17141,2011-10-31,116033.0
398688,48401,2011-10-31,96819.0
398689,01071,2011-10-31,85235.0
398690,39005,2011-10-31,107743.0
398691,39037,2011-10-31,103880.0
398692,01113,2011-10-31,91877.0
398693,17095,2011-10-31,58611.0
398694,42127,2011-10-31,161085.0
398695,47031,2011-10-31,118766.0
398696,22089,2011-10-31,169258.0
398697,29101,2011-10-31,127016.0
398698,48467,2011-10-31,113279.0
398699,29113,2011-10-31,151241.0
398700,40051,2011-10-31,104428.0
398701,55135,2011-10-31,120283.0
398702,22115,2011-10-31,132561.0
398703,39159,2011-10-31,179644.0
398704,26027,2011-10-31,91944.0
398705,29169,2011-10-31,143369.0
398706,47107,2011-10-31,96560.0
398707,13103,2011-10-31,144006.0
398708,23025,2011-10-31,109455.0
398709,37141,2011-10-31,211499.0
398710,08037,2011-10-31,453354.0
398711,22099,2011-10-31,94056.0
398712,32019,2011-10-31,122821.0
398713,29213,2011-10-31,141117.0
398714,36033,2011-10-31,81248.0
398715,27169,2011-10-31,134093.0
398716,24047,2011-10-31,249817.0
398717,47089,2011-10-31,119126.0
398718,08067,2011-10-31,324244.0
398719,55043,2011-10-31,97860.0
398720,48221,2011-10-31,170784.0
398721,36107,2011-10-31,99490.0
398722,37189,2011-10-31,230387.0
398723,40147,2011-10-31,92081.0
398724,05035,2011-10-31,92572.0
398725,48073,2011-10-31,88284.0
398726,13039,2011-10-31,133273.0
398727,17073,2011-10-31,85466.0
398728,36017,2011-10-31,83731.0
398729,40079,2011-10-31,60715.0
398730,01045,2011-10-31,82490.0
398731,36057,2011-10-31,90996.0
398732,17063,2011-10-31,159929.0
398733,18029,2011-10-31,152124.0
398734,49003,2011-10-31,154866.0
398735,01031,2011-10-31,
398736,44001,2011-10-31,271148.0
398737,48277,2011-10-31,72598.0
398738,42009,2011-10-31,104998.0
398739,12063,2011-10-31,65743.0
398740,47053,2011-10-31,68829.0
398741,47043,2011-10-31,123679.0
398742,48265,2011-10-31,196191.0
398743,21019,2011-10-31,73198.0
398744,18065,2011-10-31,79949.0
398745,39149,2011-10-31,112275.0
398746,41009,2011-10-31,187490.0
398747,36023,2011-10-31,95486.0
398748,21073,2011-10-31,124908.0
398749,36039,2011-10-31,167207.0
398750,19045,2011-10-31,126839.0
398751,55015,2011-10-31,111811.0
398752,36003,2011-10-31,55683.0
398753,51660,2011-10-31,161705.0
398754,48465,2011-10-31,90013.0
398755,32007,2011-10-31,129293.0
398756,28149,2011-10-31,
398757,21113,2011-10-31,146613.0
398758,47105,2011-10-31,187242.0
398759,26123,2011-10-31,84281.0
398760,13175,2011-10-31,74585.0
398761,35009,2011-10-31,
398762,36025,2011-10-31,122966.0
398763,33003,2011-10-31,212677.0
398764,24035,2011-10-31,263687.0
398765,17117,2011-10-31,72668.0
398766,37013,2011-10-31,118489.0
398767,50011,2011-10-31,196854.0
398768,48349,2011-10-31,79525.0
398769,17177,2011-10-31,89957.0
398770,28105,2011-10-31,155351.0
398771,40019,2011-10-31,67673.0
398772,18113,2011-10-31,
398773,40113,2011-10-31,92111.0
398774,04023,2011-10-31,95204.0
398775,37169,2011-10-31,104791.0
398776,28071,2011-10-31,156397.0
398777,21209,2011-10-31,153148.0
398778,22117,2011-10-31,91637.0
398779,18099,2011-10-31,122417.0
398780,32005,2011-10-31,219977.0
398781,40021,2011-10-31,95225.0
398782,37093,2011-10-31,126839.0
398783,21107,2011-10-31,72814.0
398784,08043,2011-10-31,
398785,22061,2011-10-31,121656.0
398786,45025,2011-10-31,71903.0
398787,51047,2011-10-31,255486.0
398788,26059,2011-10-31,89480.0
398789,42087,2011-10-31,
398790,37153,2011-10-31,55616.0
398791,40071,2011-10-31,53044.0
398792,05093,2011-10-31,74878.0
398793,12039,2011-10-31,70490.0
398794,21101,2011-10-31,95233.0
398795,19181,2011-10-31,162760.0
398796,27049,2011-10-31,171508.0
398797,49021,2011-10-31,173221.0
398798,18093,2011-10-31,84674.0
398799,56005,2011-10-31,234050.0
398800,31019,2011-10-31,149890.0
398801,54019,2011-10-31,
398802,41041,2011-10-31,190607.0
398803,48325,2011-10-31,145433.0
398804,42099,2011-10-31,146839.0
398805,39011,2011-10-31,108979.0
398806,22095,2011-10-31,
398807,42061,2011-10-31,101087.0
398808,55005,2011-10-31,123752.0
398809,39091,2011-10-31,106385.0
398810,40121,2011-10-31,73903.0
398811,13009,2011-10-31,98978.0
398812,16011,2011-10-31,
398813,06009,2011-10-31,223976.0
398814,13071,2011-10-31,61461.0
398815,37181,2011-10-31,72855.0
398816,48373,2011-10-31,73447.0
398817,26023,2011-10-31,79757.0
398818,42065,2011-10-31,68339.0
398819,29161,2011-10-31,
398820,51185,2011-10-31,76557.0
398821,47003,2011-10-31,109924.0
398822,27061,2011-10-31,117650.0
398823,40137,2011-10-31,65768.0
398824,37111,2011-10-31,
398825,42119,2011-10-31,142072.0
398826,48013,2011-10-31,108305.0
398827,06093,2011-10-31,139690.0
398828,39015,2011-10-31,104039.0
398829,46083,2011-10-31,
398830,53075,2011-10-31,154895.0
398831,13275,2011-10-31,100544.0
398832,55081,2011-10-31,115638.0
398833,47123,2011-10-31,98590.0
398834,50025,2011-10-31,229859.0
398835,54069,2011-10-31,82951.0
398836,27007,2011-10-31,119431.0
398837,18145,2011-10-31,109183.0
398838,29027,2011-10-31,120204.0
398839,55095,2011-10-31,146274.0
398840,55031,2011-10-31,113436.0
398841,19033,2011-10-31,100739.0
398842,29029,2011-10-31,
398843,32023,2011-10-31,120838.0
398844,28045,2011-10-31,
398845,55033,2011-10-31,135415.0
398846,01047,2011-10-31,46433.0
398847,56037,2011-10-31,
398848,39033,2011-10-31,72241.0
398849,33019,2011-10-31,159086.0
398850,01021,2011-10-31,104551.0
398851,39071,2011-10-31,87564.0
398852,53065,2011-10-31,158736.0
398853,51540,2011-10-31,240645.0
398854,05091,2011-10-31,79907.0
398855,42083,2011-10-31,52600.0
398856,21179,2011-10-31,119208.0
398857,39097,2011-10-31,130442.0
398858,42115,2011-10-31,108068.0
398859,48473,2011-10-31,155483.0
398860,26151,2011-10-31,77305.0
398861,51590,2011-10-31,59315.0
398862,13137,2011-10-31,110930.0
398863,48493,2011-10-31,189550.0
398864,36073,2011-10-31,83849.0
398865,26107,2011-10-31,89271.0
398866,29023,2011-10-31,96282.0
398867,48053,2011-10-31,176862.0
398868,19139,2011-10-31,115331.0
398869,39051,2011-10-31,116172.0
398870,54099,2011-10-31,79137.0
398871,26057,2011-10-31,64474.0
398872,40013,2011-10-31,85016.0
398873,40135,2011-10-31,70457.0
398874,18071,2011-10-31,105762.0
398875,39075,2011-10-31,136939.0
398876,13069,2011-10-31,74479.0
398877,39135,2011-10-31,112357.0
398878,27067,2011-10-31,133654.0
398879,18033,2011-10-31,103895.0
398880,29159,2011-10-31,64605.0
398881,21009,2011-10-31,96497.0
398882,36121,2011-10-31,93707.0
398883,05055,2011-10-31,85752.0
398884,21211,2011-10-31,158937.0
398885,22009,2011-10-31,92781.0
398886,39027,2011-10-31,106258.0
398887,51171,2011-10-31,176544.0
398888,42117,2011-10-31,106544.0
398889,48499,2011-10-31,98364.0
398890,55115,2011-10-31,108709.0
398891,18037,2011-10-31,120613.0
398892,47099,2011-10-31,80969.0
398893,40083,2011-10-31,144853.0
398894,42123,2011-10-31,
398895,55075,2011-10-31,88513.0
398896,05139,2011-10-31,63013.0
398897,01123,2011-10-31,119898.0
398898,12121,2011-10-31,82340.0
398899,05005,2011-10-31,109674.0
398900,40041,2011-10-31,106906.0
398901,13233,2011-10-31,72398.0
398902,51195,2011-10-31,66317.0
398903,39123,2011-10-31,137549.0
398904,48481,2011-10-31,97848.0
398905,08085,2011-10-31,187269.0
398906,40097,2011-10-31,85466.0
398907,37059,2011-10-31,153534.0
398908,22119,2011-10-31,87252.0
398909,53047,2011-10-31,139695.0
398910,47051,2011-10-31,122154.0
398911,55093,2011-10-31,176715.0
398912,53037,2011-10-31,203064.0
398913,16017,2011-10-31,230317.0
398914,48249,2011-10-31,70347.0
398915,39107,2011-10-31,107618.0
398916,12075,2011-10-31,106685.0
398917,47013,2011-10-31,86071.0
398918,37139,2011-10-31,146426.0
398919,19127,2011-10-31,96161.0
398920,28113,2011-10-31,81313.0
398921,29091,2011-10-31,94485.0
398922,19057,2011-10-31,87047.0
398923,37099,2011-10-31,221660.0
398924,35039,2011-10-31,
398925,30081,2011-10-31,279258.0
398926,56013,2011-10-31,175943.0
398927,13277,2011-10-31,89496.0
398928,39021,2011-10-31,105661.0
398929,39059,2011-10-31,74632.0
398930,40111,2011-10-31,52583.0
398931,12093,2011-10-31,124761.0
398932,42031,2011-10-31,
398933,47177,2011-10-31,82707.0
398934,23013,2011-10-31,213885.0
398935,42109,2011-10-31,125768.0
398936,13213,2011-10-31,91345.0
398937,22069,2011-10-31,
398938,17055,2011-10-31,
398939,37145,2011-10-31,105515.0
398940,21071,2011-10-31,60497.0
398941,36031,2011-10-31,117569.0
398942,18061,2011-10-31,121660.0
398943,48459,2011-10-31,113678.0
398944,16069,2011-10-31,152111.0
398945,42035,2011-10-31,101614.0
398946,29201,2011-10-31,
398947,27099,2011-10-31,90075.0
398948,12051,2011-10-31,82991.0
398949,20037,2011-10-31,70406.0
398950,47021,2011-10-31,150432.0
398951,39039,2011-10-31,85922.0
398952,18017,2011-10-31,
398953,17105,2011-10-31,92527.0
398954,45029,2011-10-31,111219.0
398955,17081,2011-10-31,70441.0
398956,23027,2011-10-31,148787.0
398957,42059,2011-10-31,118237.0
398958,17203,2011-10-31,127470.0
398959,29109,2011-10-31,78166.0
398960,26033,2011-10-31,75383.0
398961,27009,2011-10-31,146996.0
398962,18083,2011-10-31,
398963,48097,2011-10-31,117182.0
398964,53017,2011-10-31,192083.0
398965,47047,2011-10-31,187062.0
398966,37197,2011-10-31,
398967,47045,2011-10-31,78270.0
398968,01053,2011-10-31,
398969,18107,2011-10-31,99912.0
398970,48049,2011-10-31,75673.0
398971,06005,2011-10-31,215146.0
398972,48055,2011-10-31,115495.0
398973,19187,2011-10-31,74559.0
398974,18133,2011-10-31,115739.0
398975,48143,2011-10-31,113021.0
398976,51683,2011-10-31,217919.0
398977,27059,2011-10-31,165153.0
398978,24041,2011-10-31,270563.0
398979,01039,2011-10-31,
398980,17027,2011-10-31,109768.0
398981,55083,2011-10-31,121083.0
398982,39171,2011-10-31,87488.0
398983,51187,2011-10-31,217549.0
398984,16065,2011-10-31,
398985,45071,2011-10-31,103375.0
398986,40123,2011-10-31,81854.0
398987,16057,2011-10-31,190508.0
398988,04009,2011-10-31,92381.0
398989,37003,2011-10-31,119030.0
398990,21035,2011-10-31,105034.0
398991,28093,2011-10-31,
398992,18087,2011-10-31,156183.0
398993,50003,2011-10-31,213861.0
398994,18069,2011-10-31,91574.0
398995,21083,2011-10-31,78160.0
398996,26041,2011-10-31,64238.0
398997,17057,2011-10-31,60542.0
398998,28003,2011-10-31,
398999,41007,2011-10-31,234671.0
399000,28095,2011-10-31,
399001,31157,2011-10-31,95635.0
399002,21089,2011-10-31,66193.0
399003,05009,2011-10-31,101157.0
399004,18103,2011-10-31,72137.0
399005,39031,2011-10-31,80225.0
399006,51073,2011-10-31,207387.0
399007,19099,2011-10-31,107650.0
399008,55045,2011-10-31,132225.0
399009,50001,2011-10-31,241183.0
399010,20055,2011-10-31,116281.0
399011,54045,2011-10-31,56586.0
399012,48321,2011-10-31,99450.0
399013,31053,2011-10-31,104748.0
399014,27085,2011-10-31,135452.0
399015,05063,2011-10-31,76967.0
399016,26061,2011-10-31,
399017,27147,2011-10-31,145558.0
399018,46013,2011-10-31,131639.0
399019,49043,2011-10-31,493838.0
399020,13299,2011-10-31,54154.0
399021,20035,2011-10-31,
399022,56001,2011-10-31,197303.0
399023,31111,2011-10-31,108070.0
399024,48189,2011-10-31,59690.0
399025,51083,2011-10-31,88418.0
399026,29225,2011-10-31,
399027,37165,2011-10-31,67452.0
399028,39127,2011-10-31,91495.0
399029,17103,2011-10-31,94054.0
399030,27041,2011-10-31,152830.0
399031,55085,2011-10-31,163352.0
399032,22087,2011-10-31,121690.0
399033,19111,2011-10-31,74194.0
399034,51149,2011-10-31,185758.0
399035,48241,2011-10-31,76055.0
399036,47029,2011-10-31,78890.0
399037,22011,2011-10-31,
399038,21235,2011-10-31,68867.0
399039,19179,2011-10-31,66158.0
399040,21049,2011-10-31,126449.0
399041,29009,2011-10-31,
399042,29105,2011-10-31,98883.0
399043,17137,2011-10-31,75015.0
399044,54025,2011-10-31,95588.0
399045,20125,2011-10-31,63845.0
399046,27017,2011-10-31,122885.0
399047,23023,2011-10-31,188962.0
399048,51093,2011-10-31,239681.0
399049,36099,2011-10-31,88376.0
399050,37017,2011-10-31,74928.0
399051,48071,2011-10-31,163123.0
399052,48217,2011-10-31,74718.0
399053,47183,2011-10-31,71949.0
399054,48227,2011-10-31,
399055,17011,2011-10-31,77249.0
399056,45027,2011-10-31,103355.0
399057,06035,2011-10-31,112161.0
399058,31119,2011-10-31,97809.0
399059,51155,2011-10-31,116013.0
399060,28085,2011-10-31,
399061,12027,2011-10-31,81163.0
399062,39117,2011-10-31,
399063,17021,2011-10-31,63382.0
399064,28107,2011-10-31,
399065,55019,2011-10-31,
399066,20079,2011-10-31,
399067,40087,2011-10-31,134379.0
399068,39137,2011-10-31,108777.0
399069,23015,2011-10-31,203544.0
399070,45089,2011-10-31,64451.0
399071,18001,2011-10-31,110189.0
399072,20061,2011-10-31,
399073,01079,2011-10-31,
399074,40081,2011-10-31,78247.0
399075,17049,2011-10-31,104345.0
399076,01017,2011-10-31,62479.0
399077,30093,2011-10-31,
399078,18151,2011-10-31,134077.0
399079,22039,2011-10-31,
399080,37113,2011-10-31,183672.0
399081,37055,2011-10-31,316040.0
399082,48147,2011-10-31,90274.0
399083,20057,2011-10-31,
399084,48477,2011-10-31,154969.0
399085,19167,2011-10-31,131059.0
399086,20111,2011-10-31,90186.0
399087,54077,2011-10-31,89647.0
399088,18051,2011-10-31,
399089,51137,2011-10-31,217504.0
399090,18073,2011-10-31,149465.0
399091,17157,2011-10-31,74032.0
399092,48259,2011-10-31,277624.0
399093,22047,2011-10-31,137781.0
399094,29107,2011-10-31,
399095,47103,2011-10-31,98422.0
399096,19125,2011-10-31,126487.0
399097,18183,2011-10-31,121936.0
399098,39079,2011-10-31,57045.0
399099,18023,2011-10-31,90685.0
399100,27097,2011-10-31,135673.0
399101,18055,2011-10-31,83805.0
399102,51001,2011-10-31,
399103,51109,2011-10-31,200618.0
399104,40089,2011-10-31,53693.0
399105,51023,2011-10-31,180012.0
399106,45023,2011-10-31,64079.0
399107,26063,2011-10-31,
399108,54051,2011-10-31,65359.0
399109,37175,2011-10-31,191017.0
399110,24011,2011-10-31,175380.0
399111,45067,2011-10-31,
399112,33007,2011-10-31,100379.0
399113,17133,2011-10-31,158569.0
399114,35055,2011-10-31,
399115,05059,2011-10-31,83867.0
399116,01109,2011-10-31,
399117,18169,2011-10-31,86919.0
399118,23029,2011-10-31,
399119,13261,2011-10-31,61022.0
399120,13219,2011-10-31,220417.0
399121,20121,2011-10-31,174289.0
399122,36095,2011-10-31,118092.0
399123,26165,2011-10-31,90888.0
399124,51117,2011-10-31,111511.0
399125,27103,2011-10-31,148954.0
399126,26047,2011-10-31,156795.0
399127,24019,2011-10-31,143724.0
399128,17109,2011-10-31,59010.0
399129,49047,2011-10-31,151656.0
399130,29219,2011-10-31,155046.0
399131,27005,2011-10-31,153541.0
399132,18077,2011-10-31,
399133,51730,2011-10-31,74880.0
399134,51009,2011-10-31,134409.0
399135,48449,2011-10-31,93444.0
399136,47079,2011-10-31,83608.0
399137,28083,2011-10-31,
399138,28001,2011-10-31,
399139,31141,2011-10-31,111757.0
399140,47025,2011-10-31,
399141,51173,2011-10-31,75984.0
399142,29209,2011-10-31,140002.0
399143,45033,2011-10-31,73842.0
399144,48273,2011-10-31,73473.0
399145,39065,2011-10-31,83651.0
399146,13145,2011-10-31,167167.0
399147,46011,2011-10-31,
399148,29069,2011-10-31,59715.0
399149,42047,2011-10-31,61226.0
399150,21121,2011-10-31,
399151,48025,2011-10-31,
399152,40115,2011-10-31,55285.0
399153,47143,2011-10-31,104457.0
399154,47131,2011-10-31,74066.0
399155,01059,2011-10-31,
399156,18027,2011-10-31,
399157,27119,2011-10-31,
399158,22053,2011-10-31,97280.0
399159,21177,2011-10-31,
399160,21157,2011-10-31,105354.0
399161,31001,2011-10-31,95438.0
399162,41045,2011-10-31,99103.0
399163,02110,2011-10-31,320446.0
399164,27047,2011-10-31,
399165,50005,2011-10-31,137748.0
399166,29167,2011-10-31,
399167,08029,2011-10-31,176538.0
399168,39053,2011-10-31,78037.0
399169,26035,2011-10-31,
399170,01093,2011-10-31,72589.0
399171,12129,2011-10-31,110086.0
399172,23007,2011-10-31,122376.0
399173,54029,2011-10-31,78804.0
399174,47117,2011-10-31,109384.0
399175,48067,2011-10-31,78455.0
399176,17107,2011-10-31,
399177,13029,2011-10-31,177552.0
399178,17135,2011-10-31,59172.0
399179,13305,2011-10-31,78228.0
399180,24023,2011-10-31,162292.0
399181,51035,2011-10-31,98977.0
399182,29207,2011-10-31,
399183,13187,2011-10-31,141935.0
399184,28115,2011-10-31,
399185,53031,2011-10-31,257931.0
399186,55123,2011-10-31,110109.0
399187,27115,2011-10-31,126394.0
399188,17075,2011-10-31,
399189,28099,2011-10-31,
399190,40015,2011-10-31,40111.0
399191,26007,2011-10-31,73235.0
399192,35017,2011-10-31,
399193,47055,2011-10-31,91267.0
399194,28133,2011-10-31,
399195,28029,2011-10-31,
399196,13227,2011-10-31,143199.0
399197,54083,2011-10-31,
399198,35047,2011-10-31,
399199,39073,2011-10-31,102347.0
399200,21095,2011-10-31,
399201,51197,2011-10-31,
399202,54035,2011-10-31,
399203,20113,2011-10-31,
399204,56033,2011-10-31,
399205,39047,2011-10-31,93078.0
399206,45087,2011-10-31,39301.0
399207,50017,2011-10-31,180119.0
399208,45069,2011-10-31,
399209,51167,2011-10-31,81660.0
399210,28137,2011-10-31,
399211,39019,2011-10-31,93850.0
399212,18137,2011-10-31,126680.0
399213,55121,2011-10-31,114307.0
399214,29127,2011-10-31,89982.0
399215,13143,2011-10-31,91631.0
399216,30047,2011-10-31,258060.0
399217,39161,2011-10-31,74821.0
399218,55069,2011-10-31,106341.0
399219,21193,2011-10-31,
399220,39131,2011-10-31,76198.0
399221,26105,2011-10-31,96788.0
399222,21013,2011-10-31,42508.0
399223,13169,2011-10-31,108174.0
399224,06015,2011-10-31,151067.0
399225,21163,2011-10-31,144311.0
399226,27021,2011-10-31,138881.0
399227,39001,2011-10-31,72222.0
399228,51033,2011-10-31,183164.0
399229,18079,2011-10-31,97369.0
399230,47017,2011-10-31,69054.0
399231,12007,2011-10-31,81177.0
399232,20051,2011-10-31,
399233,21021,2011-10-31,109209.0
399234,48015,2011-10-31,165703.0
399235,13177,2011-10-31,122221.0
399236,13123,2011-10-31,182776.0
399237,42131,2011-10-31,134979.0
399238,28123,2011-10-31,
399239,18175,2011-10-31,93973.0
399240,05123,2011-10-31,47331.0
399241,47115,2011-10-31,97045.0
399242,39069,2011-10-31,93712.0
399243,54057,2011-10-31,100969.0
399244,56029,2011-10-31,210761.0
399245,08087,2011-10-31,118392.0
399246,06021,2011-10-31,161037.0
399247,13195,2011-10-31,111916.0
399248,48363,2011-10-31,88466.0
399249,28163,2011-10-31,58902.0
399250,51145,2011-10-31,245543.0
399251,51053,2011-10-31,
399252,08117,2011-10-31,381184.0
399253,22067,2011-10-31,48919.0
399254,13087,2011-10-31,73854.0
399255,49039,2011-10-31,
399256,47097,2011-10-31,65613.0
399257,37123,2011-10-31,87963.0
399258,55029,2011-10-31,175065.0
399259,47077,2011-10-31,85862.0
399260,12049,2011-10-31,68549.0
399261,21043,2011-10-31,59886.0
399262,27079,2011-10-31,167993.0
399263,13225,2011-10-31,97039.0
399264,20009,2011-10-31,
399265,18179,2011-10-31,109040.0
399266,40049,2011-10-31,53934.0
399267,28127,2011-10-31,
399268,38059,2011-10-31,
399269,40039,2011-10-31,92191.0
399270,01005,2011-10-31,
399271,05015,2011-10-31,115738.0
399272,37039,2011-10-31,153481.0
399273,54053,2011-10-31,66393.0
399274,37009,2011-10-31,143778.0
399275,47069,2011-10-31,72646.0
399276,50019,2011-10-31,134527.0
399277,46029,2011-10-31,
399278,13279,2011-10-31,67690.0
399279,13293,2011-10-31,60703.0
399280,13311,2011-10-31,133023.0
399281,28145,2011-10-31,
399282,12003,2011-10-31,97619.0
399283,28091,2011-10-31,
399284,36049,2011-10-31,88153.0
399285,16039,2011-10-31,132115.0
399286,45037,2011-10-31,122262.0
399287,37007,2011-10-31,65983.0
399288,18021,2011-10-31,
399289,21141,2011-10-31,83253.0
399290,01061,2011-10-31,
399291,55057,2011-10-31,101387.0
399292,22031,2011-10-31,148680.0
399293,48185,2011-10-31,
399294,26127,2011-10-31,91747.0
399295,21173,2011-10-31,
399296,24039,2011-10-31,108899.0
399297,40065,2011-10-31,54171.0
399298,13207,2011-10-31,138165.0
399299,48463,2011-10-31,84000.0
399300,48407,2011-10-31,96760.0
399301,19015,2011-10-31,114621.0
399302,54067,2011-10-31,52821.0
399303,51840,2011-10-31,190084.0
399304,13257,2011-10-31,83124.0
399305,18135,2011-10-31,60317.0
399306,26043,2011-10-31,
399307,26031,2011-10-31,
399308,16051,2011-10-31,158981.0
399309,05103,2011-10-31,43698.0
399310,27095,2011-10-31,135381.0
399311,19011,2011-10-31,125023.0
399312,47109,2011-10-31,71362.0
399313,47071,2011-10-31,88602.0
399314,13055,2011-10-31,62139.0
399315,29215,2011-10-31,88077.0
399316,20059,2011-10-31,111369.0
399317,01019,2011-10-31,97447.0
399318,05023,2011-10-31,121332.0
399319,26029,2011-10-31,137902.0
399320,18129,2011-10-31,117026.0
399321,27015,2011-10-31,
399322,26069,2011-10-31,72415.0
399323,27083,2011-10-31,112327.0
399324,47185,2011-10-31,89871.0
399325,01025,2011-10-31,
399326,22003,2011-10-31,61441.0
399327,41061,2011-10-31,117968.0
399328,21085,2011-10-31,78832.0
399329,18031,2011-10-31,
399330,26051,2011-10-31,
399331,51065,2011-10-31,196497.0
399332,29001,2011-10-31,
399333,51105,2011-10-31,67845.0
399334,05071,2011-10-31,
399335,08083,2011-10-31,166863.0
399336,29007,2011-10-31,77071.0
399337,13267,2011-10-31,71890.0
399338,40133,2011-10-31,44677.0
399339,48419,2011-10-31,83027.0
399340,46093,2011-10-31,
399341,45001,2011-10-31,81321.0
399342,29175,2011-10-31,
399343,36123,2011-10-31,118367.0
399344,28117,2011-10-31,
399345,41057,2011-10-31,228524.0
399346,31025,2011-10-31,
399347,13147,2011-10-31,121050.0
399348,41065,2011-10-31,152712.0
399349,29221,2011-10-31,
399350,35029,2011-10-31,
399351,13131,2011-10-31,
399352,19149,2011-10-31,118100.0
399353,21239,2011-10-31,172861.0
399354,17165,2011-10-31,50049.0
399355,12133,2011-10-31,75207.0
399356,27153,2011-10-31,93761.0
399357,32001,2011-10-31,106259.0
399358,48171,2011-10-31,236010.0
399359,51775,2011-10-31,148452.0
399360,45053,2011-10-31,147752.0
399361,48331,2011-10-31,96143.0
399362,29131,2011-10-31,107207.0
399363,21137,2011-10-31,86186.0
399364,26101,2011-10-31,90365.0
399365,29055,2011-10-31,107059.0
399366,47081,2011-10-31,99495.0
399367,37091,2011-10-31,97728.0
399368,21081,2011-10-31,124116.0
399369,18181,2011-10-31,
399370,42067,2011-10-31,128073.0
399371,54005,2011-10-31,58260.0
399372,05111,2011-10-31,51423.0
399373,48149,2011-10-31,170135.0
399374,05027,2011-10-31,64908.0
399375,21133,2011-10-31,
399376,21217,2011-10-31,85673.0
399377,37117,2011-10-31,78602.0
399378,55137,2011-10-31,127857.0
399379,01133,2011-10-31,99893.0
399380,50015,2011-10-31,245071.0
399381,26143,2011-10-31,61311.0
399382,31047,2011-10-31,87538.0
399383,51630,2011-10-31,274196.0
399384,18041,2011-10-31,64863.0
399385,19017,2011-10-31,129130.0
399386,54097,2011-10-31,
399387,22085,2011-10-31,91922.0
399388,38089,2011-10-31,164571.0
399389,18143,2011-10-31,90403.0
399390,26137,2011-10-31,100316.0
399391,20191,2011-10-31,76990.0
399392,51027,2011-10-31,
399393,46081,2011-10-31,
399394,54009,2011-10-31,70066.0
399395,51139,2011-10-31,148585.0
399396,26109,2011-10-31,
399397,54027,2011-10-31,131795.0
399398,45039,2011-10-31,74494.0
399399,21183,2011-10-31,
399400,28079,2011-10-31,
399401,48365,2011-10-31,95465.0
399402,54109,2011-10-31,31267.0
399403,22121,2011-10-31,151332.0
399404,39105,2011-10-31,60053.0
399405,51790,2011-10-31,136338.0
399406,48225,2011-10-31,70651.0
399407,37033,2011-10-31,89103.0
399408,55049,2011-10-31,137923.0
399409,13111,2011-10-31,164578.0
399410,13035,2011-10-31,97171.0
399411,51099,2011-10-31,260137.0
399412,26009,2011-10-31,131513.0
399413,37053,2011-10-31,283320.0
399414,49051,2011-10-31,293333.0
399415,26133,2011-10-31,
399416,08107,2011-10-31,389714.0
399417,13205,2011-10-31,63779.0
399418,29177,2011-10-31,
399419,13081,2011-10-31,69603.0
399420,22007,2011-10-31,105612.0
399421,28057,2011-10-31,
399422,48293,2011-10-31,70572.0
399423,29147,2011-10-31,
399424,29195,2011-10-31,
399425,51147,2011-10-31,128207.0
399426,18149,2011-10-31,95429.0
399427,21115,2011-10-31,73818.0
399428,08119,2011-10-31,193896.0
399429,21205,2011-10-31,
399430,13033,2011-10-31,64460.0
399431,27093,2011-10-31,121302.0
399432,51169,2011-10-31,64461.0
399433,48007,2011-10-31,152075.0
399434,18047,2011-10-31,
399435,08039,2011-10-31,303485.0
399436,29119,2011-10-31,95735.0
399437,01099,2011-10-31,
399438,22075,2011-10-31,253564.0
399439,05019,2011-10-31,75653.0
399440,17083,2011-10-31,
399441,20175,2011-10-31,
399442,16031,2011-10-31,112067.0
399443,48219,2011-10-31,76539.0
399444,01007,2011-10-31,
399445,01111,2011-10-31,
399446,22077,2011-10-31,136991.0
399447,22111,2011-10-31,77459.0
399448,08075,2011-10-31,98868.0
399449,40001,2011-10-31,64945.0
399450,17085,2011-10-31,140863.0
399451,47057,2011-10-31,93458.0
399452,16075,2011-10-31,132099.0
399453,45011,2011-10-31,80555.0
399454,39175,2011-10-31,88631.0
399455,05057,2011-10-31,
399456,13107,2011-10-31,50113.0
399457,51670,2011-10-31,105746.0
399458,28039,2011-10-31,
399459,12123,2011-10-31,61015.0
399460,51600,2011-10-31,445690.0
399461,48179,2011-10-31,65002.0
399462,46135,2011-10-31,126660.0
399463,38105,2011-10-31,148969.0
399464,19123,2011-10-31,100747.0
399465,16053,2011-10-31,138937.0
399466,41015,2011-10-31,246087.0
399467,17173,2011-10-31,
399468,05083,2011-10-31,
399469,17145,2011-10-31,55476.0
399470,41027,2011-10-31,257710.0
399471,13085,2011-10-31,185474.0
399472,31067,2011-10-31,81229.0
399473,22043,2011-10-31,
399474,51163,2011-10-31,
399475,47111,2011-10-31,75695.0
399476,28139,2011-10-31,
399477,47151,2011-10-31,64103.0
399478,05149,2011-10-31,
399479,48233,2011-10-31,52776.0
399480,17051,2011-10-31,
399481,48489,2011-10-31,
399482,40009,2011-10-31,79368.0
399483,22093,2011-10-31,
399484,37131,2011-10-31,
399485,13119,2011-10-31,105286.0
399486,47133,2011-10-31,88593.0
399487,13199,2011-10-31,69444.0
399488,47129,2011-10-31,78675.0
399489,28043,2011-10-31,
399490,48341,2011-10-31,
399491,13189,2011-10-31,78691.0
399492,05003,2011-10-31,50338.0
399493,13091,2011-10-31,55036.0
399494,48457,2011-10-31,71511.0
399495,05107,2011-10-31,
399496,21051,2011-10-31,35742.0
399497,28101,2011-10-31,
399498,41031,2011-10-31,143578.0
399499,54043,2011-10-31,
399500,51075,2011-10-31,285345.0
399501,26089,2011-10-31,228334.0
399502,19183,2011-10-31,115426.0
399503,26129,2011-10-31,73600.0
399504,13321,2011-10-31,77043.0
399505,27157,2011-10-31,148565.0
399506,53003,2011-10-31,139229.0
399507,20099,2011-10-31,
399508,20149,2011-10-31,160902.0
399509,20021,2011-10-31,
399510,18119,2011-10-31,99168.0
399511,18153,2011-10-31,
399512,01087,2011-10-31,
399513,55125,2011-10-31,191412.0
399514,21005,2011-10-31,124111.0
399515,06011,2011-10-31,174234.0
399516,49007,2011-10-31,96140.0
399517,48057,2011-10-31,96742.0
399518,27105,2011-10-31,
399519,16013,2011-10-31,406179.0
399520,37079,2011-10-31,
399521,13291,2011-10-31,152564.0
399522,21167,2011-10-31,115146.0
399523,56039,2011-10-31,669710.0
399524,37015,2011-10-31,75260.0
399525,05029,2011-10-31,76759.0
399526,18075,2011-10-31,
399527,13237,2011-10-31,164968.0
399528,13303,2011-10-31,58207.0
399529,29217,2011-10-31,
399530,56041,2011-10-31,171234.0
399531,38093,2011-10-31,
399532,45049,2011-10-31,64143.0
399533,19191,2011-10-31,
399534,01091,2011-10-31,
399535,31043,2011-10-31,104592.0
399536,51820,2011-10-31,143930.0
399537,41013,2011-10-31,173922.0
399538,37185,2011-10-31,118087.0
399539,19019,2011-10-31,105906.0
399540,18147,2011-10-31,100360.0
399541,01013,2011-10-31,72109.0
399542,53049,2011-10-31,130072.0
399543,19065,2011-10-31,79519.0
399544,55001,2011-10-31,113201.0
399545,48089,2011-10-31,105718.0
399546,27045,2011-10-31,122243.0
399547,27091,2011-10-31,82731.0
399548,18049,2011-10-31,86925.0
399549,22029,2011-10-31,107957.0
399550,19027,2011-10-31,101628.0
399551,21231,2011-10-31,
399552,49041,2011-10-31,125146.0
399553,31155,2011-10-31,149103.0
399554,22041,2011-10-31,
399555,37115,2011-10-31,164162.0
399556,28153,2011-10-31,
399557,29049,2011-10-31,
399558,22083,2011-10-31,94911.0
399559,55119,2011-10-31,101538.0
399560,05113,2011-10-31,71102.0
399561,40139,2011-10-31,
399562,19105,2011-10-31,120450.0
399563,28025,2011-10-31,
399564,55061,2011-10-31,119333.0
399565,37149,2011-10-31,160163.0
399566,35027,2011-10-31,205720.0
399567,04012,2011-10-31,104778.0
399568,48019,2011-10-31,154560.0
399569,55053,2011-10-31,97931.0
399570,27057,2011-10-31,152982.0
399571,53039,2011-10-31,178010.0
399572,22037,2011-10-31,119088.0
399573,19021,2011-10-31,92912.0
399574,40091,2011-10-31,75264.0
399575,31177,2011-10-31,189455.0
399576,48253,2011-10-31,
399577,24029,2011-10-31,207240.0
399578,13105,2011-10-31,66167.0
399579,18015,2011-10-31,102000.0
399580,19087,2011-10-31,97394.0
399581,48123,2011-10-31,78969.0
399582,27039,2011-10-31,144822.0
399583,40153,2011-10-31,78104.0
399584,16067,2011-10-31,99783.0
399585,21027,2011-10-31,77139.0
399586,06063,2011-10-31,196640.0
399587,21017,2011-10-31,111383.0
399588,17041,2011-10-31,
399589,55067,2011-10-31,
399590,21003,2011-10-31,72249.0
399591,12059,2011-10-31,60073.0
399592,45081,2011-10-31,81046.0
399593,19097,2011-10-31,107215.0
399594,35041,2011-10-31,72325.0
399595,18117,2011-10-31,
399596,21155,2011-10-31,85916.0
399597,17033,2011-10-31,
399598,48161,2011-10-31,83564.0
399599,48177,2011-10-31,93018.0
399600,20041,2011-10-31,
399601,01107,2011-10-31,
399602,48337,2011-10-31,
399603,30053,2011-10-31,174106.0
399604,48281,2011-10-31,125134.0
399605,39125,2011-10-31,70853.0
399606,28141,2011-10-31,
399607,28031,2011-10-31,
399608,28007,2011-10-31,
399609,46035,2011-10-31,
399610,48117,2011-10-31,
399611,18123,2011-10-31,87451.0
399612,48299,2011-10-31,193222.0
399613,13019,2011-10-31,66879.0
399614,48285,2011-10-31,117936.0
399615,12079,2011-10-31,58908.0
399616,45061,2011-10-31,
399617,28159,2011-10-31,
399618,28051,2011-10-31,
399619,47159,2011-10-31,94489.0
399620,27161,2011-10-31,
399621,20087,2011-10-31,131932.0
399622,47173,2011-10-31,102083.0
399623,17067,2011-10-31,
399624,29015,2011-10-31,
399625,55047,2011-10-31,
399626,27055,2011-10-31,133088.0
399627,05001,2011-10-31,63211.0
399628,29157,2011-10-31,107912.0
399629,29143,2011-10-31,63826.0
399630,19157,2011-10-31,118200.0
399631,21097,2011-10-31,
399632,08089,2011-10-31,60427.0
399633,29229,2011-10-31,
399634,47075,2011-10-31,78204.0
399635,13229,2011-10-31,86138.0
399636,53001,2011-10-31,104099.0
399637,47041,2011-10-31,105810.0
399638,21001,2011-10-31,
399639,49013,2011-10-31,
399640,48133,2011-10-31,53397.0
399641,17045,2011-10-31,
399642,51175,2011-10-31,132848.0
399643,48503,2011-10-31,65146.0
399644,06027,2011-10-31,
399645,47085,2011-10-31,90028.0
399646,29163,2011-10-31,
399647,05043,2011-10-31,76896.0
399648,19031,2011-10-31,132967.0
399649,51141,2011-10-31,
399650,51127,2011-10-31,231656.0
399651,13025,2011-10-31,
399652,51079,2011-10-31,223073.0
399653,13011,2011-10-31,125723.0
399654,36097,2011-10-31,100375.0
399655,13171,2011-10-31,94024.0
399656,47171,2011-10-31,88303.0
399657,21147,2011-10-31,
399658,29155,2011-10-31,
399659,42093,2011-10-31,146566.0
399660,06043,2011-10-31,193431.0
399661,47091,2011-10-31,80281.0
399662,13001,2011-10-31,58837.0
399663,48035,2011-10-31,86540.0
399664,21099,2011-10-31,70183.0
399665,29186,2011-10-31,
399666,19043,2011-10-31,94539.0
399667,05047,2011-10-31,
399668,55103,2011-10-31,105506.0
399669,05067,2011-10-31,
399670,05121,2011-10-31,
399671,47049,2011-10-31,71948.0
399672,35028,2011-10-31,281389.0
399673,05037,2011-10-31,70660.0
399674,13231,2011-10-31,125701.0
399675,13211,2011-10-31,168297.0
399676,35053,2011-10-31,
399677,48145,2011-10-31,62947.0
399678,51520,2011-10-31,82820.0
399679,37199,2011-10-31,141970.0
399680,08015,2011-10-31,226221.0
399681,17181,2011-10-31,
399682,37011,2011-10-31,
399683,28131,2011-10-31,
399684,17005,2011-10-31,
399685,19171,2011-10-31,96412.0
399686,19055,2011-10-31,96834.0
399687,17187,2011-10-31,61141.0
399688,13017,2011-10-31,54869.0
399689,29053,2011-10-31,
399690,01129,2011-10-31,
399691,21207,2011-10-31,
399692,54065,2011-10-31,148476.0
399693,23021,2011-10-31,110779.0
399694,19083,2011-10-31,
399695,48165,2011-10-31,96114.0
399696,26019,2011-10-31,120525.0
399697,21161,2011-10-31,76400.0
399698,42105,2011-10-31,72955.0
399699,51193,2011-10-31,187524.0
399700,51025,2011-10-31,85225.0
399701,05075,2011-10-31,49725.0
399702,51570,2011-10-31,146986.0
399703,28017,2011-10-31,
399704,18139,2011-10-31,92606.0
399705,18121,2011-10-31,
399706,21213,2011-10-31,
399707,01067,2011-10-31,94326.0
399708,05141,2011-10-31,76626.0
399709,29003,2011-10-31,128228.0
399710,51071,2011-10-31,93097.0
399711,05135,2011-10-31,63645.0
399712,01057,2011-10-31,
399713,18045,2011-10-31,
399714,48163,2011-10-31,58592.0
399715,13075,2011-10-31,64481.0
399716,22027,2011-10-31,85931.0
399717,48051,2011-10-31,94464.0
399718,26079,2011-10-31,87493.0
399719,08097,2011-10-31,841561.0
399720,51029,2011-10-31,
399721,47023,2011-10-31,95599.0
399722,19047,2011-10-31,85199.0
399723,21215,2011-10-31,166679.0
399724,05133,2011-10-31,
399725,21203,2011-10-31,62581.0
399726,29013,2011-10-31,97053.0
399727,46065,2011-10-31,152968.0
399728,47181,2011-10-31,62784.0
399729,12041,2011-10-31,103690.0
399730,13163,2011-10-31,47941.0
399731,20005,2011-10-31,
399732,48415,2011-10-31,59581.0
399733,21079,2011-10-31,117635.0
399734,54091,2011-10-31,74215.0
399735,19101,2011-10-31,96756.0
399736,55065,2011-10-31,92435.0
399737,17101,2011-10-31,28998.0
399738,47139,2011-10-31,87152.0
399739,48289,2011-10-31,118068.0
399740,29059,2011-10-31,94831.0
399741,17191,2011-10-31,48796.0
399742,31159,2011-10-31,143461.0
399743,17147,2011-10-31,
399744,16045,2011-10-31,
399745,19059,2011-10-31,187784.0
399746,19041,2011-10-31,99913.0
399747,05089,2011-10-31,
399748,55023,2011-10-31,92643.0
399749,13083,2011-10-31,97868.0
399750,48395,2011-10-31,92189.0
399751,48287,2011-10-31,136236.0
399752,54001,2011-10-31,43831.0
399753,54103,2011-10-31,
399754,40117,2011-10-31,64447.0
399755,17039,2011-10-31,
399756,55113,2011-10-31,172148.0
399757,25007,2011-10-31,613046.0
399758,32013,2011-10-31,
399759,20133,2011-10-31,
399760,13271,2011-10-31,42746.0
399761,28129,2011-10-31,
399762,47005,2011-10-31,71487.0
399763,17131,2011-10-31,
399764,17149,2011-10-31,
399765,26053,2011-10-31,
399766,12029,2011-10-31,59316.0
399767,51750,2011-10-31,127064.0
399768,35057,2011-10-31,
399769,54041,2011-10-31,
399770,19095,2011-10-31,119175.0
399771,21119,2011-10-31,
399772,17023,2011-10-31,66742.0
399773,38077,2011-10-31,91603.0
399774,19067,2011-10-31,90885.0
399775,20139,2011-10-31,
399776,13241,2011-10-31,159638.0
399777,22049,2011-10-31,80280.0
399778,16049,2011-10-31,133299.0
399779,51005,2011-10-31,
399780,13027,2011-10-31,76733.0
399781,27065,2011-10-31,128774.0
399782,17159,2011-10-31,
399783,18165,2011-10-31,
399784,08093,2011-10-31,206717.0
399785,27001,2011-10-31,130038.0
399786,55003,2011-10-31,88525.0
399787,41001,2011-10-31,99708.0
399788,30041,2011-10-31,
399789,05021,2011-10-31,40555.0
399790,27127,2011-10-31,60376.0
399791,13133,2011-10-31,257557.0
399792,45009,2011-10-31,
399793,21045,2011-10-31,
399794,18159,2011-10-31,
399795,51101,2011-10-31,177718.0
399796,19145,2011-10-31,
399797,55129,2011-10-31,135915.0
399798,51051,2011-10-31,
399799,26011,2011-10-31,66964.0
399800,56007,2011-10-31,146846.0
399801,39067,2011-10-31,63691.0
399802,12045,2011-10-31,139539.0
399803,51135,2011-10-31,
399804,40095,2011-10-31,81870.0
399805,53055,2011-10-31,398458.0
399806,01065,2011-10-31,82310.0
399807,31131,2011-10-31,113602.0
399808,27129,2011-10-31,
399809,05087,2011-10-31,86457.0
399810,19121,2011-10-31,
399811,19079,2011-10-31,
399812,29065,2011-10-31,
399813,30067,2011-10-31,233129.0
399814,27135,2011-10-31,
399815,22125,2011-10-31,216348.0
399816,29135,2011-10-31,100391.0
399817,37121,2011-10-31,113250.0
399818,29121,2011-10-31,90058.0
399819,19109,2011-10-31,73944.0
399820,12125,2011-10-31,83381.0
399821,51077,2011-10-31,
399822,08071,2011-10-31,104008.0
399823,48371,2011-10-31,
399824,16047,2011-10-31,117284.0
399825,55013,2011-10-31,143749.0
399826,08003,2011-10-31,114778.0
399827,28147,2011-10-31,
399828,17127,2011-10-31,
399829,21103,2011-10-31,113205.0
399830,55077,2011-10-31,114726.0
399831,17015,2011-10-31,85605.0
399832,08051,2011-10-31,259539.0
399833,22127,2011-10-31,
399834,51063,2011-10-31,
399835,18013,2011-10-31,
399836,27143,2011-10-31,
399837,29073,2011-10-31,
399838,48353,2011-10-31,50935.0
399839,40023,2011-10-31,46194.0
399840,29117,2011-10-31,86569.0
399841,45017,2011-10-31,116452.0
399842,20011,2011-10-31,65781.0
399843,13161,2011-10-31,55532.0
399844,19129,2011-10-31,140626.0
399845,39115,2011-10-31,
399846,40073,2011-10-31,97240.0
399847,40035,2011-10-31,78820.0
399848,51125,2011-10-31,207266.0
399849,55007,2011-10-31,151509.0
399850,21225,2011-10-31,63083.0
399851,51011,2011-10-31,
399852,01029,2011-10-31,99988.0
399853,19085,2011-10-31,109240.0
399854,54087,2011-10-31,66137.0
399855,13093,2011-10-31,57935.0
399856,13221,2011-10-31,112279.0
399857,22059,2011-10-31,
399858,21191,2011-10-31,99901.0
399859,19023,2011-10-31,100031.0
399860,26113,2011-10-31,70597.0
399861,17139,2011-10-31,83055.0
399862,42057,2011-10-31,124059.0
399863,08049,2011-10-31,336526.0
399864,48255,2011-10-31,77934.0
399865,12047,2011-10-31,54864.0
399866,37041,2011-10-31,
399867,48003,2011-10-31,91514.0
399868,12065,2011-10-31,88568.0
399869,55107,2011-10-31,94542.0
399870,49037,2011-10-31,
399871,13193,2011-10-31,43024.0
399872,17189,2011-10-31,
399873,21065,2011-10-31,59383.0
399874,17125,2011-10-31,
399875,17193,2011-10-31,
399876,39121,2011-10-31,
399877,39111,2011-10-31,
399878,12013,2011-10-31,54080.0
399879,13251,2011-10-31,64792.0
399880,47033,2011-10-31,71142.0
399881,48455,2011-10-31,
399882,01075,2011-10-31,
399883,27043,2011-10-31,72443.0
399884,54007,2011-10-31,
399885,13183,2011-10-31,117699.0
399886,48351,2011-10-31,
399887,28041,2011-10-31,
399888,46127,2011-10-31,177272.0
399889,19141,2011-10-31,89681.0
399890,29133,2011-10-31,
399891,22013,2011-10-31,65818.0
399892,21069,2011-10-31,73392.0
399893,21221,2011-10-31,113300.0
399894,13191,2011-10-31,119772.0
399895,19005,2011-10-31,101935.0
399896,51685,2011-10-31,265624.0
399897,18111,2011-10-31,94326.0
399898,06051,2011-10-31,327405.0
399899,31151,2011-10-31,
399900,21123,2011-10-31,104823.0
399901,40005,2011-10-31,
399902,55099,2011-10-31,
399903,05079,2011-10-31,
399904,47153,2011-10-31,90535.0
399905,17053,2011-10-31,68055.0
399906,48239,2011-10-31,88820.0
399907,26039,2011-10-31,
399908,51830,2011-10-31,224672.0
399909,51043,2011-10-31,322262.0
399910,54031,2011-10-31,107990.0
399911,48505,2011-10-31,59524.0
399912,40063,2011-10-31,
399913,29039,2011-10-31,84466.0
399914,37173,2011-10-31,127656.0
399915,48279,2011-10-31,
399916,48093,2011-10-31,65863.0
399917,19029,2011-10-31,
399918,38079,2011-10-31,
399919,01027,2011-10-31,
399920,27113,2011-10-31,91060.0
399921,54089,2011-10-31,53666.0
399922,21175,2011-10-31,
399923,01041,2011-10-31,
399924,13159,2011-10-31,106260.0
399925,17061,2011-10-31,
399926,29151,2011-10-31,
399927,21135,2011-10-31,55143.0
399928,46027,2011-10-31,
399929,27159,2011-10-31,84410.0
399930,56009,2011-10-31,176935.0
399931,48115,2011-10-31,44547.0
399932,51690,2011-10-31,52023.0
399933,17025,2011-10-31,
399934,47015,2011-10-31,106277.0
399935,08081,2011-10-31,146754.0
399936,05061,2011-10-31,62946.0
399937,06105,2011-10-31,147051.0
399938,48389,2011-10-31,
399939,01119,2011-10-31,
399940,35007,2011-10-31,128349.0
399941,47061,2011-10-31,69346.0
399942,05065,2011-10-31,
399943,29067,2011-10-31,
399944,31185,2011-10-31,
399945,48313,2011-10-31,110361.0
399946,17017,2011-10-31,
399947,21233,2011-10-31,46813.0
399948,02150,2011-10-31,255326.0
399949,55011,2011-10-31,104341.0
399950,48059,2011-10-31,81445.0
399951,48487,2011-10-31,47847.0
399952,29223,2011-10-31,
399953,54063,2011-10-31,66774.0
399954,21109,2011-10-31,
399955,40099,2011-10-31,63957.0
399956,02130,2011-10-31,253477.0
399957,37143,2011-10-31,296923.0
399958,39163,2011-10-31,
399959,18131,2011-10-31,79810.0
399960,30035,2011-10-31,
399961,26141,2011-10-31,78606.0
399962,20001,2011-10-31,62940.0
399963,21153,2011-10-31,
399964,47161,2011-10-31,92703.0
399965,27071,2011-10-31,72230.0
399966,51113,2011-10-31,202077.0
399967,56015,2011-10-31,
399968,16043,2011-10-31,162390.0
399969,19197,2011-10-31,71431.0
399970,37187,2011-10-31,58088.0
399971,01035,2011-10-31,
399972,05081,2011-10-31,
399973,37137,2011-10-31,
399974,28005,2011-10-31,
399975,13023,2011-10-31,70557.0
399976,05041,2011-10-31,39752.0
399977,53051,2011-10-31,
399978,21033,2011-10-31,59401.0
399979,48343,2011-10-31,61891.0
399980,28077,2011-10-31,
399981,51111,2011-10-31,
399982,29063,2011-10-31,103858.0
399983,19007,2011-10-31,74510.0
399984,12043,2011-10-31,83761.0
399985,47007,2011-10-31,69663.0
399986,48387,2011-10-31,
399987,18125,2011-10-31,
399988,16041,2011-10-31,147017.0
399989,40061,2011-10-31,53011.0
399990,18009,2011-10-31,65470.0
399991,16079,2011-10-31,
399992,29115,2011-10-31,
399993,17129,2011-10-31,
399994,51007,2011-10-31,
399995,21031,2011-10-31,
399996,28161,2011-10-31,
399997,20115,2011-10-31,
399998,48445,2011-10-31,
399999,17123,2011-10-31,
400000,13079,2011-10-31,
400001,21197,2011-10-31,77149.0
400002,51037,2011-10-31,
400003,17087,2011-10-31,
400004,08099,2011-10-31,55770.0
400005,19175,2011-10-31,
400006,49027,2011-10-31,
400007,28065,2011-10-31,
400008,21219,2011-10-31,76061.0
400009,19075,2011-10-31,126469.0
400010,27023,2011-10-31,70277.0
400011,19037,2011-10-31,107295.0
400012,29011,2011-10-31,
400013,48063,2011-10-31,
400014,05137,2011-10-31,
400015,51131,2011-10-31,156219.0
400016,29017,2011-10-31,
400017,51610,2011-10-31,617841.0
400018,51133,2011-10-31,
400019,28111,2011-10-31,
400020,05049,2011-10-31,
400021,51081,2011-10-31,
400022,29139,2011-10-31,
400023,29123,2011-10-31,
400024,37073,2011-10-31,101501.0
400025,40107,2011-10-31,61066.0
400026,13049,2011-10-31,75092.0
400027,19165,2011-10-31,105014.0
400028,21061,2011-10-31,80469.0
400029,47101,2011-10-31,74128.0
400030,51735,2011-10-31,278569.0
400031,51183,2011-10-31,
400032,08007,2011-10-31,216296.0
400033,19035,2011-10-31,86171.0
400034,13235,2011-10-31,67805.0
400035,35051,2011-10-31,85867.0
400036,08105,2011-10-31,125007.0
400037,17185,2011-10-31,
400038,40011,2011-10-31,43385.0
400039,54023,2011-10-31,86774.0
400040,13149,2011-10-31,81612.0
400041,26071,2011-10-31,51902.0
400042,05017,2011-10-31,
400043,47039,2011-10-31,66063.0
400044,47121,2011-10-31,120274.0
400045,21229,2011-10-31,98625.0
400046,30017,2011-10-31,
400047,27033,2011-10-31,
400048,48507,2011-10-31,
400049,01131,2011-10-31,
400050,56003,2011-10-31,126321.0
400051,47087,2011-10-31,70091.0
400052,40149,2011-10-31,
400053,22123,2011-10-31,
400054,21011,2011-10-31,74884.0
400055,30027,2011-10-31,
400056,19119,2011-10-31,107053.0
400057,40127,2011-10-31,
400058,40103,2011-10-31,64599.0
400059,12037,2011-10-31,207071.0
400060,26085,2011-10-31,66241.0
400061,01037,2011-10-31,92320.0
400062,48297,2011-10-31,84358.0
400063,16073,2011-10-31,
400064,05011,2011-10-31,
400065,38071,2011-10-31,102025.0
400066,30089,2011-10-31,177906.0
400067,30043,2011-10-31,212825.0
400068,51103,2011-10-31,224046.0
400069,19115,2011-10-31,84448.0
400070,19081,2011-10-31,87512.0
400071,21131,2011-10-31,
400072,31013,2011-10-31,
400073,01085,2011-10-31,68304.0
400074,05109,2011-10-31,
400075,13053,2011-10-31,47192.0
400076,21087,2011-10-31,66239.0
400077,05127,2011-10-31,63645.0
400078,27165,2011-10-31,
400079,22091,2011-10-31,
400080,46079,2011-10-31,
400081,41049,2011-10-31,106759.0
400082,37005,2011-10-31,128326.0
400083,40077,2011-10-31,57346.0
400084,51057,2011-10-31,168084.0
400085,38099,2011-10-31,66861.0
400086,26097,2011-10-31,
400087,13005,2011-10-31,54133.0
400088,53059,2011-10-31,207940.0
400089,38003,2011-10-31,
400090,31145,2011-10-31,76658.0
400091,17035,2011-10-31,
400092,13099,2011-10-31,55352.0
400093,13109,2011-10-31,65462.0
400094,13043,2011-10-31,74910.0
400095,27121,2011-10-31,
400096,16021,2011-10-31,163227.0
400097,21171,2011-10-31,49511.0
400098,51119,2011-10-31,237814.0
400099,40069,2011-10-31,61022.0
400100,19077,2011-10-31,104482.0
400101,26001,2011-10-31,80399.0
400102,31041,2011-10-31,
400103,48379,2011-10-31,
400104,01011,2011-10-31,
400105,29149,2011-10-31,
400106,27075,2011-10-31,120669.0
400107,19189,2011-10-31,88310.0
400108,21187,2011-10-31,97409.0
400109,48403,2011-10-31,
400110,21041,2011-10-31,76158.0
400111,28143,2011-10-31,
400112,19131,2011-10-31,87019.0
400113,48077,2011-10-31,82168.0
400114,19137,2011-10-31,68907.0
400115,18025,2011-10-31,77842.0
400116,19069,2011-10-31,75787.0
400117,48475,2011-10-31,66947.0
400118,29093,2011-10-31,
400119,18155,2011-10-31,
400120,48159,2011-10-31,120801.0
400121,13317,2011-10-31,66989.0
400122,37043,2011-10-31,158127.0
400123,53043,2011-10-31,
400124,48315,2011-10-31,98561.0
400125,40105,2011-10-31,55531.0
400126,31037,2011-10-31,82509.0
400127,19107,2011-10-31,70112.0
400128,48399,2011-10-31,
400129,48031,2011-10-31,219916.0
400130,13281,2011-10-31,161486.0
400131,54085,2011-10-31,50422.0
400132,05105,2011-10-31,67424.0
400133,27173,2011-10-31,
400134,05077,2011-10-31,37567.0
400135,45005,2011-10-31,29513.0
400136,19161,2011-10-31,78136.0
400137,18101,2011-10-31,
400138,19063,2011-10-31,68636.0
400139,21053,2011-10-31,
400140,48369,2011-10-31,68451.0
400141,27063,2011-10-31,
400142,29079,2011-10-31,59898.0
400143,28155,2011-10-31,
400144,56035,2011-10-31,
400145,49023,2011-10-31,
400146,48357,2011-10-31,
400147,29111,2011-10-31,
400148,16087,2011-10-31,
400149,25019,2011-10-31,1179196.0
400150,16081,2011-10-31,220944.0
400151,29173,2011-10-31,
400152,37103,2011-10-31,75454.0
400153,46109,2011-10-31,
400154,29089,2011-10-31,
400155,22021,2011-10-31,62482.0
400156,46019,2011-10-31,
400157,21169,2011-10-31,64068.0
400158,20159,2011-10-31,
400159,30009,2011-10-31,
400160,13173,2011-10-31,84494.0
400161,51049,2011-10-31,
400162,08125,2011-10-31,98470.0
400163,32033,2011-10-31,59334.0
400164,31033,2011-10-31,
400165,48127,2011-10-31,
400166,20013,2011-10-31,69802.0
400167,13167,2011-10-31,48677.0
400168,37029,2011-10-31,206318.0
400169,16085,2011-10-31,228884.0
400170,19091,2011-10-31,81508.0
400171,29185,2011-10-31,76616.0
400172,27151,2011-10-31,
400173,26119,2011-10-31,65769.0
400174,27149,2011-10-31,
400175,29153,2011-10-31,
400176,17079,2011-10-31,
400177,27133,2011-10-31,91929.0
400178,06049,2011-10-31,81797.0
400179,19025,2011-10-31,61001.0
400180,20107,2011-10-31,
400181,20151,2011-10-31,
400182,48429,2011-10-31,59292.0
400183,29085,2011-10-31,
400184,26003,2011-10-31,
400185,27117,2011-10-31,
400186,31179,2011-10-31,105907.0
400187,19089,2011-10-31,80654.0
400188,13319,2011-10-31,50348.0
400189,13155,2011-10-31,62129.0
400190,21149,2011-10-31,64808.0
400191,21139,2011-10-31,72500.0
400192,05097,2011-10-31,78914.0
400193,49029,2011-10-31,
400194,40075,2011-10-31,
400195,27089,2011-10-31,
400196,13141,2011-10-31,71456.0
400197,29025,2011-10-31,94570.0
400198,40085,2011-10-31,83563.0
400199,19147,2011-10-31,78730.0
400200,20205,2011-10-31,
400201,48335,2011-10-31,
400202,54015,2011-10-31,
400203,19073,2011-10-31,
400204,13273,2011-10-31,52032.0
400205,21055,2011-10-31,67595.0
400206,55041,2011-10-31,
400207,30023,2011-10-31,
400208,29033,2011-10-31,
400209,19039,2011-10-31,93426.0
400210,16009,2011-10-31,105553.0
400211,13315,2011-10-31,47075.0
400212,51159,2011-10-31,136573.0
400213,30001,2011-10-31,146952.0
400214,19133,2011-10-31,65806.0
400215,48043,2011-10-31,120044.0
400216,49019,2011-10-31,
400217,54095,2011-10-31,
400218,31137,2011-10-31,95953.0
400219,31045,2011-10-31,
400220,29125,2011-10-31,
400221,31039,2011-10-31,97061.0
400222,31081,2011-10-31,124983.0
400223,13209,2011-10-31,76277.0
400224,30095,2011-10-31,
400225,22081,2011-10-31,66489.0
400226,08019,2011-10-31,230929.0
400227,48009,2011-10-31,98886.0
400228,01063,2011-10-31,
400229,48237,2011-10-31,
400230,35037,2011-10-31,67599.0
400231,13289,2011-10-31,48772.0
400232,05099,2011-10-31,39910.0
400233,51115,2011-10-31,224916.0
400234,30021,2011-10-31,
400235,38055,2011-10-31,107219.0
400236,29081,2011-10-31,
400237,13287,2011-10-31,52508.0
400238,13269,2011-10-31,55056.0
400239,19117,2011-10-31,
400240,48083,2011-10-31,44218.0
400241,40151,2011-10-31,
400242,12067,2011-10-31,67384.0
400243,48405,2011-10-31,
400244,37075,2011-10-31,125556.0
400245,26013,2011-10-31,62707.0
400246,18007,2011-10-31,70269.0
400247,31027,2011-10-31,
400248,29137,2011-10-31,
400249,21223,2011-10-31,
400250,16035,2011-10-31,99954.0
400251,19051,2011-10-31,100899.0
400252,13197,2011-10-31,72744.0
400253,28009,2011-10-31,
400254,13253,2011-10-31,59986.0
400255,27101,2011-10-31,
400256,54075,2011-10-31,77054.0
400257,05117,2011-10-31,
400258,31107,2011-10-31,
400259,27029,2011-10-31,
400260,54021,2011-10-31,
400261,05025,2011-10-31,
400262,56031,2011-10-31,
400263,26135,2011-10-31,
400264,20031,2011-10-31,
400265,21077,2011-10-31,100389.0
400266,51620,2011-10-31,124398.0
400267,56019,2011-10-31,217018.0
400268,21091,2011-10-31,77864.0
400269,28019,2011-10-31,
400270,20027,2011-10-31,
400271,56043,2011-10-31,
400272,48193,2011-10-31,
400273,18171,2011-10-31,
400274,48425,2011-10-31,167491.0
400275,21023,2011-10-31,76381.0
400276,26153,2011-10-31,64605.0
400277,19053,2011-10-31,73564.0
400278,17065,2011-10-31,44734.0
400279,29203,2011-10-31,
400280,04011,2011-10-31,40150.0
400281,29061,2011-10-31,
400282,47083,2011-10-31,73790.0
400283,38057,2011-10-31,
400284,31023,2011-10-31,
400285,13003,2011-10-31,48957.0
400286,31101,2011-10-31,89530.0
400287,12077,2011-10-31,63553.0
400288,46125,2011-10-31,
400289,13165,2011-10-31,
400290,05101,2011-10-31,
400291,21143,2011-10-31,117783.0
400292,48307,2011-10-31,56327.0
400293,08063,2011-10-31,
400294,08021,2011-10-31,81780.0
400295,21007,2011-10-31,63449.0
400296,46033,2011-10-31,163456.0
400297,54017,2011-10-31,57835.0
400298,05129,2011-10-31,47977.0
400299,05095,2011-10-31,
400300,38097,2011-10-31,
400301,05039,2011-10-31,42337.0
400302,20003,2011-10-31,75375.0
400303,48069,2011-10-31,74434.0
400304,13181,2011-10-31,102899.0
400305,40141,2011-10-31,27378.0
400306,19135,2011-10-31,87289.0
400307,20043,2011-10-31,
400308,16059,2011-10-31,142127.0
400309,47135,2011-10-31,57947.0
400310,20193,2011-10-31,
400311,41037,2011-10-31,
400312,21129,2011-10-31,
400313,29057,2011-10-31,
400314,47169,2011-10-31,97382.0
400315,47027,2011-10-31,68916.0
400316,20095,2011-10-31,
400317,48437,2011-10-31,
400318,31121,2011-10-31,88327.0
400319,47095,2011-10-31,44181.0
400320,29041,2011-10-31,78481.0
400321,20067,2011-10-31,
400322,16077,2011-10-31,108627.0
400323,22035,2011-10-31,
400324,13243,2011-10-31,38816.0
400325,42053,2011-10-31,
400326,54071,2011-10-31,80848.0
400327,30057,2011-10-31,
400328,19001,2011-10-31,84141.0
400329,05073,2011-10-31,
400330,54013,2011-10-31,
400331,54073,2011-10-31,82643.0
400332,19195,2011-10-31,92018.0
400333,19177,2011-10-31,79867.0
400334,53019,2011-10-31,
400335,31095,2011-10-31,62895.0
400336,40093,2011-10-31,67588.0
400337,18161,2011-10-31,
400338,55091,2011-10-31,
400339,41023,2011-10-31,103548.0
400340,19071,2011-10-31,87873.0
400341,41025,2011-10-31,68312.0
400342,13309,2011-10-31,50805.0
400343,38067,2011-10-31,
400344,48391,2011-10-31,67007.0
400345,51157,2011-10-31,335139.0
400346,30105,2011-10-31,
400347,08113,2011-10-31,526208.0
400348,46067,2011-10-31,
400349,17071,2011-10-31,
400350,19151,2011-10-31,
400351,08065,2011-10-31,159914.0
400352,31139,2011-10-31,102016.0
400353,05147,2011-10-31,35351.0
400354,27073,2011-10-31,53547.0
400355,51036,2011-10-31,150615.0
400356,31127,2011-10-31,
400357,48047,2011-10-31,
400358,48175,2011-10-31,123422.0
400359,56045,2011-10-31,
400360,48017,2011-10-31,
400361,54093,2011-10-31,111916.0
400362,21181,2011-10-31,68171.0
400363,49025,2011-10-31,
400364,48495,2011-10-31,46123.0
400365,46047,2011-10-31,
400366,19093,2011-10-31,62357.0
400367,56011,2011-10-31,195690.0
400368,51181,2011-10-31,149649.0
400369,20197,2011-10-31,
400370,51678,2011-10-31,
400371,51640,2011-10-31,
400372,48075,2011-10-31,
400373,16015,2011-10-31,175384.0
400374,30077,2011-10-31,
400375,41063,2011-10-31,162340.0
400376,20145,2011-10-31,
400377,20167,2011-10-31,
400378,50013,2011-10-31,226252.0
400379,16029,2011-10-31,104642.0
400380,51097,2011-10-31,195790.0
400381,31173,2011-10-31,
400382,13283,2011-10-31,48677.0
400383,13263,2011-10-31,78294.0
400384,31021,2011-10-31,79717.0
400385,21057,2011-10-31,
400386,27107,2011-10-31,
400387,22023,2011-10-31,101458.0
400388,51021,2011-10-31,78125.0
400389,47067,2011-10-31,58467.0
400390,21075,2011-10-31,33990.0
400391,13065,2011-10-31,49416.0
400392,26131,2011-10-31,39825.0
400393,32027,2011-10-31,
400394,29075,2011-10-31,
400395,17047,2011-10-31,
400396,29211,2011-10-31,
400397,08055,2011-10-31,107423.0
400398,48111,2011-10-31,
400399,29179,2011-10-31,
400400,13037,2011-10-31,36328.0
400401,20073,2011-10-31,
400402,31003,2011-10-31,
400403,08103,2011-10-31,155554.0
400404,38005,2011-10-31,
400405,51530,2011-10-31,
400406,26095,2011-10-31,
400407,27167,2011-10-31,
400408,31035,2011-10-31,
400409,08011,2011-10-31,38687.0
400410,20053,2011-10-31,
400411,31099,2011-10-31,108313.0
400412,46101,2011-10-31,
400413,40067,2011-10-31,31943.0
400414,19143,2011-10-31,75067.0
400415,48153,2011-10-31,
400416,42113,2011-10-31,133644.0
400417,46115,2011-10-31,
400418,19185,2011-10-31,68218.0
400419,29205,2011-10-31,65563.0
400420,47127,2011-10-31,125655.0
400421,38053,2011-10-31,
400422,19173,2011-10-31,61495.0
400423,21165,2011-10-31,
400424,50009,2011-10-31,98430.0
400425,31093,2011-10-31,
400426,40055,2011-10-31,
400427,40033,2011-10-31,56100.0
400428,48065,2011-10-31,70460.0
400429,30073,2011-10-31,
400430,48411,2011-10-31,
400431,31167,2011-10-31,103621.0
400432,18115,2011-10-31,
400433,13201,2011-10-31,64937.0
400434,19009,2011-10-31,72694.0
400435,08109,2011-10-31,103513.0
400436,20143,2011-10-31,
400437,30099,2011-10-31,
400438,48107,2011-10-31,42852.0
400439,13259,2011-10-31,31607.0
400440,27051,2011-10-31,
400441,20181,2011-10-31,
400442,17155,2011-10-31,
400443,20069,2011-10-31,
400444,31051,2011-10-31,
400445,17175,2011-10-31,
400446,16007,2011-10-31,117067.0
400447,51580,2011-10-31,
400448,51595,2011-10-31,56254.0
400449,40029,2011-10-31,53339.0
400450,20127,2011-10-31,
400451,55051,2011-10-31,110199.0
400452,46057,2011-10-31,
400453,48207,2011-10-31,
400454,27081,2011-10-31,
400455,31059,2011-10-31,
400456,13301,2011-10-31,50366.0
400457,08025,2011-10-31,
400458,30015,2011-10-31,
400459,37095,2011-10-31,
400460,32015,2011-10-31,68684.0
400461,20189,2011-10-31,
400462,54105,2011-10-31,
400463,46037,2011-10-31,
400464,29005,2011-10-31,
400465,46087,2011-10-31,83681.0
400466,30007,2011-10-31,
400467,47175,2011-10-31,73959.0
400468,08073,2011-10-31,81650.0
400469,08047,2011-10-31,217940.0
400470,27087,2011-10-31,
400471,48483,2011-10-31,
400472,31143,2011-10-31,
400473,38049,2011-10-31,87233.0
400474,05013,2011-10-31,43572.0
400475,32017,2011-10-31,64597.0
400476,27011,2011-10-31,
400477,22107,2011-10-31,
400478,48119,2011-10-31,
400479,31097,2011-10-31,
400480,16063,2011-10-31,
400481,51045,2011-10-31,
400482,27031,2011-10-31,
400483,46077,2011-10-31,
400484,19159,2011-10-31,91313.0
400485,21039,2011-10-31,
400486,17013,2011-10-31,
400487,42023,2011-10-31,
400488,47137,2011-10-31,89467.0
400489,31123,2011-10-31,
400490,13249,2011-10-31,64649.0
400491,48333,2011-10-31,
400492,21105,2011-10-31,
400493,36041,2011-10-31,153600.0
400494,08121,2011-10-31,
400495,56017,2011-10-31,
400496,48317,2011-10-31,108832.0
400497,32021,2011-10-31,33302.0
400498,51017,2011-10-31,
400499,48267,2011-10-31,
400500,40053,2011-10-31,48429.0
400501,31129,2011-10-31,
400502,17151,2011-10-31,
400503,08095,2011-10-31,
400504,20185,2011-10-31,
400505,08091,2011-10-31,328369.0
400506,55037,2011-10-31,110351.0
400507,37177,2011-10-31,
400508,48103,2011-10-31,73258.0
400509,16037,2011-10-31,
400510,46039,2011-10-31,
400511,16071,2011-10-31,113651.0
400512,08027,2011-10-31,152251.0
400513,30061,2011-10-31,155773.0
400514,40045,2011-10-31,49476.0
400515,27125,2011-10-31,
400516,53013,2011-10-31,
400517,46045,2011-10-31,
400518,27077,2011-10-31,
400519,13101,2011-10-31,58813.0
400520,19003,2011-10-31,
400521,32029,2011-10-31,152826.0
400522,53069,2011-10-31,150898.0
400523,20093,2011-10-31,
400524,16003,2011-10-31,
400525,48151,2011-10-31,
400526,51720,2011-10-31,
400527,20183,2011-10-31,
400528,16061,2011-10-31,99471.0
400529,02195,2011-10-31,
400530,31181,2011-10-31,
400531,08009,2011-10-31,55320.0
400532,29129,2011-10-31,
400533,40059,2011-10-31,
400534,48129,2011-10-31,
400535,30097,2011-10-31,176255.0
400536,48271,2011-10-31,
400537,27155,2011-10-31,
400538,38029,2011-10-31,
400539,08023,2011-10-31,
400540,13007,2011-10-31,58425.0
400541,48417,2011-10-31,
400542,48383,2011-10-31,66858.0
400543,48191,2011-10-31,
400544,48385,2011-10-31,
400545,20207,2011-10-31,
400546,06091,2011-10-31,162959.0
400547,13061,2011-10-31,63592.0
400548,13125,2011-10-31,60805.0
400549,30039,2011-10-31,
400550,46117,2011-10-31,
400551,40057,2011-10-31,
400552,13307,2011-10-31,55209.0
400553,20017,2011-10-31,
400554,31133,2011-10-31,
400555,31063,2011-10-31,51322.0
400556,13239,2011-10-31,51860.0
400557,08115,2011-10-31,45092.0
400558,38001,2011-10-31,
400559,51091,2011-10-31,
400560,21201,2011-10-31,
400561,53023,2011-10-31,77441.0
400562,49033,2011-10-31,
400563,26083,2011-10-31,80726.0
400564,30045,2011-10-31,
400565,08033,2011-10-31,99984.0
400566,32011,2011-10-31,69041.0
400567,48011,2011-10-31,
400568,30059,2011-10-31,
400569,41021,2011-10-31,
400570,08017,2011-10-31,
400571,41055,2011-10-31,
400572,13265,2011-10-31,53925.0
400573,41069,2011-10-31,
400574,08061,2011-10-31,
400575,08057,2011-10-31,
400576,06003,2011-10-31,295763.0
400577,16025,2011-10-31,
400578,49009,2011-10-31,
400579,08053,2011-10-31,
400580,08079,2011-10-31,
400581,08111,2011-10-31,228134.0
